step,epoch,loss
0,1,0.7371826171875
1,1,0.8026123046875
2,1,0.7142333984375
3,1,0.8115234375
4,1,0.680419921875
5,1,0.7239990234375
6,1,0.7208251953125
7,1,0.62274169921875
8,1,0.7388916015625
9,1,0.7381591796875
10,1,0.69921875
11,1,0.7850341796875
12,1,0.851318359375
13,1,0.7138671875
14,1,0.7371826171875
15,1,0.65087890625
16,1,0.7742919921875
17,1,0.59564208984375
18,1,0.74072265625
19,1,0.7125244140625
20,1,0.6571044921875
21,1,0.63531494140625
22,1,0.7056884765625
23,1,0.7882080078125
24,1,0.6988525390625
25,1,0.7552490234375
26,1,0.6923828125
27,1,0.8565673828125
28,1,0.83154296875
29,1,0.6641845703125
30,1,0.632080078125
31,1,0.78271484375
32,1,0.76165771484375
33,1,0.767333984375
34,1,0.7061767578125
35,1,0.7496337890625
36,1,0.693359375
37,1,0.7645263671875
38,1,0.805908203125
39,1,0.8385009765625
40,1,0.69580078125
41,1,0.806884765625
42,1,0.6826171875
43,1,0.7476806640625
44,1,0.766845703125
45,1,0.689697265625
46,1,0.6788330078125
47,1,0.8133544921875
48,1,0.82373046875
49,1,0.6929931640625
50,1,0.9007568359375
51,1,0.7686767578125
52,1,0.71142578125
53,1,0.7593994140625
54,1,0.735107421875
55,1,0.7283935546875
56,1,0.6717529296875
57,1,0.6641845703125
58,1,0.7860107421875
59,1,0.5933837890625
60,1,0.7630615234375
61,1,0.830810546875
62,1,0.7303466796875
63,1,0.683349609375
64,1,0.7684326171875
65,1,0.786376953125
66,1,0.7752685546875
67,1,0.62188720703125
68,1,0.793212890625
69,1,0.69091796875
70,1,0.7288818359375
71,1,0.7060546875
72,1,0.6873779296875
73,1,0.681396484375
74,1,0.7742919921875
75,1,0.6722412109375
76,1,0.681884765625
77,1,0.656494140625
78,1,0.7550048828125
79,1,0.6605224609375
80,1,0.6661376953125
81,1,0.7564697265625
82,1,0.70947265625
83,1,0.57342529296875
84,1,0.7220458984375
85,1,0.5787353515625
86,1,0.67236328125
87,1,0.65771484375
88,1,0.7264404296875
89,1,0.6861572265625
90,1,0.6729736328125
91,1,0.842041015625
92,1,0.7373046875
93,1,0.7308349609375
94,1,0.5467529296875
95,1,0.7177734375
96,1,0.6805419921875
97,1,0.6829833984375
98,1,0.6092529296875
99,1,0.654296875
100,1,0.61273193359375
101,1,0.7650146484375
102,1,0.7056884765625
103,1,0.7353515625
104,1,0.65753173828125
105,1,0.699951171875
106,1,0.6527099609375
107,1,0.80859375
108,1,0.77685546875
109,1,0.64886474609375
110,1,0.7633056640625
111,1,0.70208740234375
112,1,0.775146484375
113,1,0.55145263671875
114,1,0.654296875
115,1,0.743408203125
116,1,0.7464599609375
117,1,0.6265869140625
118,1,0.6964111328125
119,1,0.647216796875
120,1,0.7401123046875
121,1,0.63128662109375
122,1,0.6544189453125
123,1,0.5792236328125
124,1,0.62225341796875
125,1,0.7227783203125
126,1,0.58251953125
127,1,0.6463623046875
128,1,0.64093017578125
129,1,0.6778564453125
130,1,0.763916015625
131,1,0.671630859375
132,1,0.77325439453125
133,1,0.789306640625
134,1,0.663330078125
135,1,0.7093505859375
136,1,0.6356201171875
137,1,0.6180419921875
138,1,0.51025390625
139,1,0.5977783203125
140,1,0.71142578125
141,1,0.6082763671875
142,1,0.58319091796875
143,1,0.53582763671875
144,1,0.623046875
145,1,0.654052734375
146,1,0.64190673828125
147,1,0.654296875
148,1,0.5943603515625
149,1,0.71478271484375
150,1,0.62677001953125
151,1,0.8218994140625
152,1,0.55560302734375
153,1,0.69769287109375
154,1,0.65521240234375
155,1,0.7349853515625
156,1,0.70819091796875
157,1,0.792236328125
158,1,0.75726318359375
159,1,0.6087646484375
160,1,0.9129638671875
161,1,0.67718505859375
162,1,0.62091064453125
163,1,0.68896484375
164,1,0.49700927734375
165,1,0.7578125
166,1,0.67724609375
167,1,0.795654296875
168,1,0.5701904296875
169,1,0.57733154296875
170,1,0.478271484375
171,1,0.58929443359375
172,1,0.56536865234375
173,1,0.63140869140625
174,1,0.759033203125
175,1,0.6717529296875
176,1,0.60711669921875
177,1,0.57257080078125
178,1,0.70611572265625
179,1,0.51141357421875
180,1,0.89251708984375
181,1,0.55596923828125
182,1,0.62103271484375
183,1,0.689697265625
184,1,0.7156982421875
185,1,0.79925537109375
186,1,0.812744140625
187,1,0.63507080078125
188,1,0.60107421875
189,1,0.50677490234375
190,1,0.63427734375
191,1,0.6768798828125
192,1,0.83721923828125
193,1,0.52142333984375
194,1,0.50079345703125
195,1,0.76763916015625
196,1,0.49322509765625
197,1,0.9339599609375
198,1,0.80853271484375
199,1,0.67926025390625
200,1,0.5269775390625
201,1,0.5361328125
202,1,0.5694580078125
203,1,0.6263427734375
204,1,0.51531982421875
205,1,0.44488525390625
206,1,0.587310791015625
207,1,0.73626708984375
208,1,0.503173828125
209,1,0.7059326171875
210,1,0.8216552734375
211,1,0.7728271484375
212,1,0.764892578125
213,1,0.602783203125
214,1,0.5369873046875
215,1,0.52203369140625
216,1,0.7271728515625
217,1,0.6055908203125
218,1,0.39959716796875
219,1,0.599609375
220,1,0.4508056640625
221,1,0.5985107421875
222,1,0.67803955078125
223,1,0.767578125
224,1,0.739990234375
225,1,0.3260498046875
226,1,0.90716552734375
227,1,0.7667236328125
228,1,0.67901611328125
229,1,0.72088623046875
230,1,0.46728515625
231,1,0.4481201171875
232,1,0.9151611328125
233,1,0.61175537109375
234,1,0.89874267578125
235,1,0.95831298828125
236,1,0.85565185546875
237,1,0.752197265625
238,1,0.822265625
239,1,0.716064453125
240,1,0.757080078125
241,1,0.6873779296875
242,1,1.09521484375
243,1,0.560791015625
244,1,0.38671875
245,1,0.47705078125
246,1,0.81646728515625
247,1,0.7996826171875
248,1,0.68963623046875
249,1,0.58978271484375
250,1,0.96533203125
251,1,0.57037353515625
252,1,0.563720703125
253,1,0.75347900390625
254,1,0.70947265625
255,1,0.5286865234375
256,1,0.51190185546875
257,1,0.49530029296875
258,1,0.5765380859375
259,1,0.574462890625
260,1,0.7403564453125
261,1,0.67694091796875
262,1,0.538330078125
263,1,0.62353515625
264,1,0.57183837890625
265,1,0.80120849609375
266,1,0.50885009765625
267,1,0.75042724609375
268,1,0.9271240234375
269,1,0.66815185546875
270,1,0.9652099609375
271,1,0.4464111328125
272,1,0.48419189453125
273,1,0.654296875
274,1,0.4813232421875
275,1,0.63739013671875
276,1,0.7698974609375
277,1,0.5743408203125
278,1,0.52154541015625
279,1,0.51397705078125
280,1,0.4683837890625
281,1,0.740234375
282,1,0.69427490234375
283,1,0.7322998046875
284,1,0.519287109375
285,1,1.00445556640625
286,1,1.00927734375
287,1,0.6490478515625
288,1,0.660400390625
289,1,0.78167724609375
290,1,0.45751953125
291,1,0.844940185546875
292,1,0.608154296875
293,1,0.49639892578125
294,1,1.046630859375
295,1,0.77496337890625
296,1,0.58038330078125
297,1,0.86932373046875
298,1,0.875091552734375
299,1,0.76416015625
300,1,0.54888916015625
301,1,0.7867431640625
302,1,0.71502685546875
303,1,0.9696044921875
304,1,0.53436279296875
305,1,0.625
306,1,0.60894775390625
307,1,0.4893798828125
308,1,0.6329345703125
309,1,0.421875
310,1,0.68304443359375
311,1,0.5523681640625
312,1,0.562255859375
313,1,0.4913330078125
314,1,0.64501953125
315,1,0.358551025390625
316,1,0.6087646484375
317,1,0.6776123046875
318,1,0.74029541015625
319,1,0.55340576171875
320,1,0.473388671875
321,1,0.77459716796875
322,1,0.7357177734375
323,1,0.65185546875
324,1,0.52703857421875
325,1,1.05633544921875
326,1,0.79150390625
327,1,0.74066162109375
328,1,0.5621337890625
329,1,0.79864501953125
330,1,0.4925537109375
331,1,0.850341796875
332,1,0.8885498046875
333,1,0.67401123046875
334,1,0.624786376953125
335,1,0.56231689453125
336,1,0.64178466796875
337,1,0.365966796875
338,1,0.77813720703125
339,1,0.47454833984375
340,1,0.60369873046875
341,1,0.5926513671875
342,1,0.613525390625
343,1,0.58392333984375
344,1,0.399658203125
345,1,0.7044677734375
346,1,0.52490234375
347,1,0.677001953125
348,1,0.427734375
349,1,0.79791259765625
350,1,0.50372314453125
351,1,0.935546875
352,1,0.7763671875
353,1,0.60400390625
354,1,0.54412841796875
355,1,0.42742919921875
356,1,0.55126953125
357,1,0.681854248046875
358,1,0.5732421875
359,1,0.60540771484375
360,1,0.464630126953125
361,1,0.56524658203125
362,1,0.7144775390625
363,1,0.854248046875
364,1,0.4119873046875
365,1,0.543853759765625
366,1,0.7664794921875
367,1,0.80810546875
368,1,0.74053955078125
369,1,0.552581787109375
370,1,0.9200439453125
371,1,0.8609619140625
372,1,0.83831787109375
373,1,0.37469482421875
374,1,0.513916015625
375,1,0.63482666015625
376,1,0.757080078125
377,1,0.4898681640625
378,1,0.867828369140625
379,1,0.40869140625
380,1,0.55859375
381,1,0.51837158203125
382,1,0.518707275390625
383,1,0.63214111328125
384,1,0.8385009765625
385,1,0.37261962890625
386,1,0.9923095703125
387,1,0.3729248046875
388,1,0.47955322265625
389,1,0.6624755859375
390,1,0.4298095703125
391,1,0.67950439453125
392,1,1.04638671875
393,1,0.793426513671875
394,1,0.50067138671875
395,1,0.34967041015625
396,1,0.521484375
397,1,0.306121826171875
398,1,0.53668212890625
399,1,0.881591796875
400,1,0.92608642578125
401,1,0.34112548828125
402,1,0.65472412109375
403,1,0.393341064453125
404,1,0.536865234375
405,1,0.83709716796875
406,1,0.57794189453125
407,1,0.56585693359375
408,1,0.62847900390625
409,1,0.61077880859375
410,1,0.7301025390625
411,1,0.45416259765625
412,1,0.89984130859375
413,1,0.8199462890625
414,1,0.62896728515625
415,1,0.61981201171875
416,1,0.7596435546875
417,1,0.7725830078125
418,1,0.74847412109375
419,1,0.542633056640625
420,1,0.6766357421875
421,1,0.64263916015625
422,1,0.546630859375
423,1,0.63775634765625
424,1,0.6346435546875
425,1,0.644500732421875
426,1,0.5240478515625
427,1,0.48333740234375
428,1,0.69244384765625
429,1,0.6029052734375
430,1,0.47100830078125
431,1,0.596435546875
432,1,0.45086669921875
433,1,0.62371826171875
434,1,0.561187744140625
435,1,0.40179443359375
436,1,0.7667236328125
437,1,0.451080322265625
438,1,0.8070068359375
439,1,0.604248046875
440,1,0.758544921875
441,1,0.52667236328125
442,1,0.579833984375
443,1,0.51708984375
444,1,0.72552490234375
445,1,0.4859619140625
446,1,0.36260986328125
447,1,0.7330322265625
448,1,0.56536865234375
449,1,0.6182861328125
450,1,0.492950439453125
451,1,0.404693603515625
452,1,0.533935546875
453,1,0.9990234375
454,1,0.94903564453125
455,1,0.348480224609375
456,1,0.42864990234375
457,1,0.44122314453125
458,1,0.5576171875
459,1,0.4278564453125
460,1,0.3564453125
461,1,0.25421142578125
462,1,0.702911376953125
463,1,0.67266845703125
464,1,0.41143798828125
465,1,0.7156982421875
466,1,0.86395263671875
467,1,0.359710693359375
468,1,1.054168701171875
469,1,0.57940673828125
470,1,0.60198974609375
471,1,0.23291015625
472,1,0.559478759765625
473,1,0.70001220703125
474,1,0.832305908203125
475,1,0.501556396484375
476,1,0.65765380859375
477,1,0.3162841796875
478,1,0.660797119140625
479,1,0.91595458984375
480,1,0.3741455078125
481,1,0.271759033203125
482,1,0.304779052734375
483,1,1.08984375
484,1,0.94464111328125
485,1,1.041015625
486,1,0.28533935546875
487,1,0.5021209716796875
488,1,1.0777587890625
489,1,0.579132080078125
490,1,0.7486572265625
491,1,0.92791748046875
492,1,0.54754638671875
493,1,0.855712890625
494,1,0.6910400390625
495,1,0.4991455078125
496,1,0.459442138671875
497,1,0.846435546875
498,1,0.928741455078125
499,1,0.7978515625
500,1,0.55450439453125
501,1,0.54888916015625
502,1,0.4512939453125
503,1,0.8837890625
504,1,0.7918701171875
505,1,0.56292724609375
506,1,0.8338623046875
507,1,0.9422607421875
508,1,0.2912139892578125
509,1,0.7091064453125
510,1,0.75341796875
511,1,0.45098876953125
512,1,0.67059326171875
513,1,0.491363525390625
514,1,0.60986328125
515,1,0.5260009765625
516,1,0.6951904296875
517,1,0.45733642578125
518,1,0.533966064453125
519,1,0.553802490234375
520,1,0.51287841796875
521,1,0.5364990234375
522,1,0.67041015625
523,1,0.279266357421875
524,1,0.566650390625
525,1,0.63568115234375
526,1,0.8519287109375
527,1,0.283233642578125
528,1,0.8623199462890625
529,1,0.69000244140625
530,1,0.54425048828125
531,1,0.5355224609375
532,1,1.05047607421875
533,1,0.34674072265625
534,1,0.44573974609375
535,1,0.489288330078125
536,1,0.62408447265625
537,1,0.52606201171875
538,1,0.551910400390625
539,1,0.67047119140625
540,1,0.324249267578125
541,1,0.8472900390625
542,1,1.0828857421875
543,1,0.9130401611328125
544,1,0.610595703125
545,1,0.8067626953125
546,1,0.72760009765625
547,1,0.4249114990234375
548,1,0.428741455078125
549,1,0.40362548828125
550,1,0.661376953125
551,1,0.51409912109375
552,1,0.483367919921875
553,1,0.805908203125
554,1,0.93115234375
555,1,0.5032958984375
556,1,1.1719970703125
557,1,0.582183837890625
558,1,0.47955322265625
559,1,0.669189453125
560,1,0.39752197265625
561,1,0.4482421875
562,1,0.806640625
563,1,0.779296875
564,1,0.667236328125
565,1,0.61944580078125
566,1,1.28826904296875
567,1,0.56317138671875
568,1,0.654510498046875
569,1,0.6224365234375
570,1,0.6815185546875
571,1,0.68487548828125
572,1,0.7916259765625
573,1,0.60748291015625
574,1,0.67333984375
575,1,0.65093994140625
576,1,0.5777587890625
577,1,0.7349853515625
578,1,0.4932861328125
579,1,0.6759033203125
580,1,0.28936767578125
581,1,0.442626953125
582,1,0.68084716796875
583,1,0.444610595703125
584,1,0.861572265625
585,1,0.7279052734375
586,1,0.90582275390625
587,1,0.50640869140625
588,1,0.3720703125
589,1,0.775421142578125
590,1,0.72869873046875
591,1,0.625335693359375
592,1,0.836669921875
593,1,0.806976318359375
594,1,0.73260498046875
595,1,0.5675048828125
596,1,0.6455078125
597,1,1.08935546875
598,1,0.484405517578125
599,1,0.484100341796875
600,1,0.4835205078125
601,1,0.433807373046875
602,1,0.4761962890625
603,1,0.5876312255859375
604,1,0.57623291015625
605,1,0.693084716796875
606,1,0.626129150390625
607,1,0.667236328125
608,1,0.44915771484375
609,1,0.51800537109375
610,1,0.66796875
611,1,0.60137939453125
612,1,0.704833984375
613,1,0.740997314453125
614,1,0.5933837890625
615,1,0.807373046875
616,1,0.5565185546875
617,1,0.69842529296875
618,1,0.74761962890625
619,1,0.63018798828125
620,1,0.43817138671875
621,1,0.79254150390625
622,1,0.70428466796875
623,1,0.523590087890625
624,1,0.79864501953125
625,1,0.34490966796875
626,1,0.284332275390625
627,1,0.67828369140625
628,1,0.57855224609375
629,1,0.498748779296875
630,1,0.37139892578125
631,1,0.461456298828125
632,1,0.9217529296875
633,1,0.397369384765625
634,1,0.3371124267578125
635,1,0.3995208740234375
636,1,1.1259765625
637,1,0.6077194213867188
638,1,0.44281005859375
639,1,0.740478515625
640,1,0.59759521484375
641,1,0.43890380859375
642,1,1.07171630859375
643,1,0.446044921875
644,1,0.4230499267578125
645,1,0.64385986328125
646,1,0.54718017578125
647,1,0.5090484619140625
648,1,0.789276123046875
649,1,0.690185546875
650,1,0.4767303466796875
651,1,0.5679931640625
652,1,0.399658203125
653,1,0.382049560546875
654,1,0.68914794921875
655,1,0.59423828125
656,1,0.69964599609375
657,1,0.31097412109375
658,1,1.04534912109375
659,1,0.7574462890625
660,1,0.4379119873046875
661,1,0.6510467529296875
662,1,0.37168121337890625
663,1,1.175994873046875
664,1,0.722442626953125
665,1,0.5336151123046875
666,1,0.6981658935546875
667,1,0.56097412109375
668,1,0.8822021484375
669,1,0.48114013671875
670,1,0.631744384765625
671,1,0.74639892578125
672,1,0.71685791015625
673,1,0.5850143432617188
674,1,1.163055419921875
675,1,0.40631103515625
676,1,0.78656005859375
677,1,0.4893798828125
678,1,0.501007080078125
679,1,1.28955078125
680,1,0.3841094970703125
681,1,0.61273193359375
682,1,0.600128173828125
683,1,0.59490966796875
684,1,0.5699462890625
685,1,0.40850830078125
686,1,0.4016571044921875
687,1,0.586669921875
688,1,0.84527587890625
689,1,0.67242431640625
690,1,0.5712127685546875
691,1,0.48126220703125
692,1,0.506683349609375
693,1,0.82379150390625
694,1,0.53912353515625
695,1,0.446197509765625
696,1,0.6990966796875
697,1,0.456329345703125
698,1,0.64208984375
699,1,0.56536865234375
700,1,0.65667724609375
701,1,1.0618896484375
702,1,0.586669921875
703,1,0.281494140625
704,1,0.65771484375
705,1,0.70184326171875
706,1,0.69488525390625
707,1,0.86761474609375
708,1,0.42095947265625
709,1,0.581512451171875
710,1,0.941162109375
711,1,0.57818603515625
712,1,0.482147216796875
713,1,0.30852508544921875
714,1,0.24810791015625
715,1,0.2869873046875
716,1,0.647735595703125
717,1,0.574493408203125
718,1,0.65264892578125
719,1,0.64080810546875
720,1,0.6707763671875
721,1,0.98583984375
722,1,0.55889892578125
723,1,0.461700439453125
724,1,0.5121612548828125
725,1,0.499908447265625
726,1,0.7545166015625
727,1,0.48404693603515625
728,1,0.567657470703125
729,1,0.2283782958984375
730,1,0.7826080322265625
731,1,0.25640869140625
732,1,0.4221954345703125
733,1,0.5430908203125
734,1,0.470001220703125
735,1,0.6268310546875
736,1,0.8530731201171875
737,1,0.4765625
738,1,0.623016357421875
739,1,1.0172119140625
740,1,1.07537841796875
741,1,0.469573974609375
742,1,0.62286376953125
743,1,0.82977294921875
744,1,0.65386962890625
745,1,0.332977294921875
746,1,0.410430908203125
747,1,0.47052001953125
748,1,0.723602294921875
749,1,0.7408447265625
750,1,0.80615234375
751,1,0.73870849609375
752,1,0.9278564453125
753,1,0.3712310791015625
754,1,0.578826904296875
755,1,0.4607391357421875
756,1,0.28334808349609375
757,1,0.65203857421875
758,1,0.59796142578125
759,1,0.4122467041015625
760,1,0.492889404296875
761,1,0.197845458984375
762,1,0.572967529296875
763,1,0.42537689208984375
764,1,0.593414306640625
765,1,0.4490203857421875
766,1,0.83880615234375
767,1,0.7069244384765625
768,1,0.5856094360351562
769,1,0.9603271484375
770,1,0.49500274658203125
771,1,0.7177734375
772,1,0.549774169921875
773,1,0.52752685546875
774,1,0.91131591796875
775,1,0.66827392578125
776,1,0.336456298828125
777,1,1.061248779296875
778,1,0.78704833984375
779,1,0.5965423583984375
780,1,0.60986328125
781,1,0.5183258056640625
782,1,0.410675048828125
783,1,0.26448822021484375
784,1,0.5784912109375
785,1,0.7823486328125
786,1,0.7196044921875
787,1,0.9500732421875
788,1,0.324676513671875
789,1,0.8612060546875
790,1,0.773162841796875
791,1,0.24652099609375
792,1,0.7293701171875
793,1,0.9833984375
794,1,0.3163299560546875
795,1,0.39109039306640625
796,1,0.522003173828125
797,1,0.6646728515625
798,1,0.478118896484375
799,1,0.63494873046875
800,1,0.41314697265625
801,1,0.5098419189453125
802,1,0.5484161376953125
803,1,0.74041748046875
804,1,0.42767333984375
805,1,0.527069091796875
806,1,0.71856689453125
807,1,0.6964111328125
808,1,0.4004974365234375
809,1,0.34368133544921875
810,1,0.624267578125
811,1,0.6356201171875
812,1,0.51226806640625
813,1,0.329742431640625
814,1,0.47943115234375
815,1,0.750946044921875
816,1,0.5755767822265625
817,1,0.2964935302734375
818,1,0.365142822265625
819,1,0.36431121826171875
820,1,0.96380615234375
821,1,0.9079666137695312
822,1,1.141357421875
823,1,0.4188385009765625
824,1,0.797149658203125
825,1,0.7740631103515625
826,1,0.3573150634765625
827,1,0.6142578125
828,1,0.4111175537109375
829,1,0.6715087890625
830,1,0.6632232666015625
831,1,0.681884765625
832,1,0.4266357421875
833,1,0.72674560546875
834,1,0.467132568359375
835,1,0.58203125
836,1,0.4354248046875
837,1,0.505859375
838,1,0.3393707275390625
839,1,0.86578369140625
840,1,0.92724609375
841,1,0.5140380859375
842,1,0.290557861328125
843,1,0.4320068359375
844,1,0.591064453125
845,1,0.646484375
846,1,0.44573974609375
847,1,0.2339019775390625
848,1,0.3223419189453125
849,1,0.23541259765625
850,1,0.6156005859375
851,1,0.350311279296875
852,1,0.7588577270507812
853,1,0.3476409912109375
854,1,0.396759033203125
855,1,0.43154144287109375
856,1,0.5912628173828125
857,1,0.718994140625
858,1,0.434356689453125
859,1,0.268341064453125
860,1,0.318389892578125
861,1,0.614501953125
862,1,0.24066162109375
863,1,0.4498291015625
864,1,1.125885009765625
865,1,0.66839599609375
866,1,0.425628662109375
867,1,0.77239990234375
868,1,0.782806396484375
869,1,0.12436676025390625
870,1,0.709320068359375
871,1,0.5445556640625
872,1,0.69342041015625
873,1,1.13592529296875
874,1,1.2706680297851562
875,1,0.1165924072265625
876,1,0.592803955078125
877,1,0.3206787109375
878,1,0.6283912658691406
879,1,0.693511962890625
880,1,0.37520599365234375
881,1,1.058258056640625
882,1,1.12750244140625
883,1,0.80853271484375
884,1,0.88134765625
885,1,0.3728790283203125
886,1,0.3473472595214844
887,1,0.814727783203125
888,1,0.36946868896484375
889,1,0.566650390625
890,1,0.5794525146484375
891,1,0.360565185546875
892,1,0.387451171875
893,1,0.9344482421875
894,1,0.6307907104492188
895,1,0.4773712158203125
896,1,0.7244491577148438
897,1,0.24468994140625
898,1,0.4971923828125
899,1,0.67437744140625
900,1,0.576904296875
901,1,0.58868408203125
902,1,0.59332275390625
903,1,1.09210205078125
904,1,0.5711669921875
905,1,0.7242431640625
906,1,0.4647216796875
907,1,0.501007080078125
908,1,0.4037017822265625
909,1,0.45717620849609375
910,1,0.462738037109375
911,1,0.13539886474609375
912,1,0.7124824523925781
913,1,0.59625244140625
914,1,0.1220703125
915,1,0.513885498046875
916,1,0.34365081787109375
917,1,1.0213623046875
918,1,0.861572265625
919,1,0.3321685791015625
920,1,0.30176544189453125
921,1,0.591888427734375
922,1,0.34279632568359375
923,1,0.22756195068359375
924,1,0.14786529541015625
925,1,0.37383270263671875
926,1,0.32534027099609375
927,1,0.46367645263671875
928,1,0.5361480712890625
929,1,0.8363075256347656
930,1,0.6615066528320312
931,1,0.35811614990234375
932,1,0.9216194152832031
933,1,0.3116912841796875
934,1,0.8168487548828125
935,1,0.3446044921875
936,1,0.4550628662109375
937,1,0.7491455078125
938,1,0.489654541015625
939,1,0.33026123046875
940,1,0.6357421875
941,1,0.2047882080078125
942,1,0.43572998046875
943,1,0.40106964111328125
944,1,0.218902587890625
945,1,0.142852783203125
946,1,0.7029190063476562
947,1,1.5313720703125
948,1,0.90234375
949,1,0.3945159912109375
950,1,0.5475311279296875
951,1,0.4482421875
952,1,0.38525390625
953,1,0.6011962890625
954,1,0.579010009765625
955,1,0.2847900390625
956,1,0.883636474609375
957,1,0.9538116455078125
958,1,0.454376220703125
959,1,0.673980712890625
960,1,0.71051025390625
961,1,0.7635498046875
962,1,0.2372589111328125
963,1,0.552001953125
964,1,0.30377197265625
965,1,0.16652679443359375
966,1,0.67730712890625
967,1,1.253387451171875
968,1,0.5027313232421875
969,1,0.2811393737792969
970,1,0.40478515625
971,1,0.32224273681640625
972,1,0.9982757568359375
973,1,0.23567962646484375
974,1,0.3298225402832031
975,1,1.2171630859375
976,1,0.5863037109375
977,1,0.489776611328125
978,1,0.70037841796875
979,1,0.966949462890625
980,1,0.51934814453125
981,1,0.371917724609375
982,1,0.65008544921875
983,1,0.3125152587890625
984,1,0.3819580078125
985,1,0.48565673828125
986,1,0.32958984375
987,1,0.74267578125
988,1,0.4772605895996094
989,1,0.869384765625
990,1,0.490509033203125
991,1,0.453033447265625
992,1,0.1761932373046875
993,1,0.052032470703125
994,1,0.5016555786132812
995,1,0.619384765625
996,1,0.551513671875
997,1,0.813720703125
998,1,0.442901611328125
999,1,0.2685394287109375
1000,1,0.8816604614257812
1001,1,0.6411895751953125
1002,1,0.18579864501953125
1003,1,0.51483154296875
1004,1,0.68865966796875
1005,1,0.26507568359375
1006,1,0.2802886962890625
1007,1,0.593902587890625
1008,1,0.24138641357421875
1009,1,0.9034423828125
1010,1,0.461517333984375
1011,1,0.2173309326171875
1012,1,0.48480224609375
1013,1,0.34340667724609375
1014,1,0.27329254150390625
1015,1,0.2511100769042969
1016,1,0.164093017578125
1017,1,0.5352859497070312
1018,1,0.32904815673828125
1019,1,0.197265625
1020,1,0.133636474609375
1021,1,0.385894775390625
1022,1,0.09395217895507812
1023,1,0.467376708984375
1024,1,0.369354248046875
1025,1,0.32843017578125
1026,1,0.57647705078125
1027,1,0.444244384765625
1028,1,0.3303260803222656
1029,1,0.24212646484375
1030,1,0.289764404296875
1031,1,0.5448207855224609
1032,1,0.6427993774414062
1033,1,0.4613494873046875
1034,1,0.5067863464355469
1035,1,0.33535003662109375
1036,1,0.318756103515625
1037,1,0.7887153625488281
1038,1,0.3203010559082031
1039,1,0.11622238159179688
1040,1,0.51922607421875
1041,1,0.3513298034667969
1042,1,1.030364990234375
1043,1,0.4662055969238281
1044,1,1.03057861328125
1045,1,0.3340911865234375
1046,1,0.32927703857421875
1047,1,0.11229515075683594
1048,1,0.42751312255859375
1049,1,0.424041748046875
1050,1,0.471160888671875
1051,1,0.14687347412109375
1052,1,0.1757965087890625
1053,1,1.476318359375
1054,1,0.4698219299316406
1055,1,0.4763374328613281
1056,1,0.7387847900390625
1057,1,0.11235809326171875
1058,1,0.5291900634765625
1059,1,0.5571365356445312
1060,1,0.4739837646484375
1061,1,0.4277076721191406
1062,1,1.1701774597167969
1063,1,0.6525421142578125
1064,1,0.5590419769287109
1065,1,0.6508636474609375
1066,1,0.3921051025390625
1067,1,0.152862548828125
1068,1,0.187957763671875
1069,1,0.53509521484375
1070,1,0.0296478271484375
1071,1,0.4554595947265625
1072,1,0.971832275390625
1073,1,0.4030914306640625
1074,1,0.98114013671875
1075,1,0.1958465576171875
1076,1,0.5812759399414062
1077,1,0.99249267578125
1078,1,0.09914016723632812
1079,1,0.4600677490234375
1080,1,0.193939208984375
1081,1,0.16088485717773438
1082,1,0.7645645141601562
1083,1,1.14593505859375
1084,1,0.3017539978027344
1085,1,0.3735313415527344
1086,1,1.2989578247070312
1087,1,0.8482246398925781
1088,1,0.10501670837402344
1089,1,0.1776580810546875
1090,1,0.09009170532226562
1091,1,0.872528076171875
1092,1,0.3234367370605469
1093,1,0.7320175170898438
1094,1,0.10114669799804688
1095,1,0.5334320068359375
1096,1,0.6845626831054688
1097,1,0.37602996826171875
1098,1,0.249298095703125
1099,1,0.6343002319335938
1100,1,0.486663818359375
1101,1,0.04407501220703125
1102,1,0.41522216796875
1103,1,0.17508697509765625
1104,1,0.16088485717773438
1105,1,0.6633529663085938
1106,1,0.7470703125
1107,1,0.13220596313476562
1108,1,0.06658554077148438
1109,1,0.13611602783203125
1110,1,0.43466949462890625
1111,1,0.496734619140625
1112,1,0.44209861755371094
1113,1,0.7395172119140625
1114,1,0.36031532287597656
1115,1,0.2597389221191406
1116,1,0.397918701171875
1117,1,0.18468475341796875
1118,1,0.555999755859375
1119,1,0.7867431640625
1120,1,0.6281166076660156
1121,1,0.2710685729980469
1122,1,0.48583984375
1123,1,1.6219253540039062
1124,1,0.2485198974609375
1125,1,0.8428878784179688
1126,1,0.3258838653564453
1127,1,0.1520366668701172
1128,1,0.3028564453125
1129,1,0.3254871368408203
1130,1,0.6107330322265625
1131,1,0.0984039306640625
1132,1,0.2585296630859375
1133,1,0.5664787292480469
1134,1,0.288726806640625
1135,1,0.7026824951171875
1136,1,0.5963706970214844
1137,1,0.28680419921875
1138,1,0.12936782836914062
1139,1,0.359771728515625
1140,1,0.20230865478515625
1141,1,0.6708183288574219
1142,1,0.4130401611328125
1143,1,0.7304840087890625
1144,1,0.238372802734375
1145,1,0.07630157470703125
1146,1,0.31926727294921875
1147,1,1.1514129638671875
1148,1,0.900787353515625
1149,1,0.72528076171875
1150,1,0.757110595703125
1151,1,0.32012939453125
1152,1,1.2363929748535156
1153,1,1.1660594940185547
1154,1,0.3739662170410156
1155,1,0.2127685546875
1156,1,0.6329994201660156
1157,1,0.060352325439453125
1158,1,0.1522979736328125
1159,1,1.013458251953125
1160,1,0.61376953125
1161,1,0.1133270263671875
1162,1,0.261993408203125
1163,1,0.15824127197265625
1164,1,0.2237701416015625
1165,1,0.415740966796875
1166,1,0.7027359008789062
1167,1,0.29332923889160156
1168,1,0.19061279296875
1169,1,0.10008621215820312
1170,1,0.5089645385742188
1171,1,0.6069984436035156
1172,1,0.6349430084228516
1173,1,1.04571533203125
1174,1,0.8234729766845703
1175,1,0.57318115234375
1176,1,0.6082000732421875
1177,1,0.12508392333984375
1178,1,0.34136962890625
1179,1,0.909820556640625
1180,1,0.47580909729003906
1181,1,1.02789306640625
1182,1,0.7102928161621094
1183,1,0.4900932312011719
1184,1,0.4260406494140625
1185,1,0.705413818359375
1186,1,0.804962158203125
1187,1,0.53240966796875
1188,1,0.08129119873046875
1189,1,0.6368408203125
1190,1,0.19236183166503906
1191,1,0.27703857421875
1192,1,0.79949951171875
1193,1,0.3908233642578125
1194,1,0.8990297317504883
1195,1,0.13570404052734375
1196,1,0.23455429077148438
1197,1,0.2657012939453125
1198,1,0.231903076171875
1199,1,0.18330764770507812
1200,1,0.5557327270507812
1201,1,0.326904296875
1202,1,0.6242828369140625
1203,1,0.38756561279296875
1204,1,0.22904396057128906
1205,1,0.7804679870605469
1206,1,0.14171218872070312
1207,1,0.5629043579101562
1208,1,0.5503215789794922
1209,1,1.151123046875
1210,1,0.20914840698242188
1211,1,0.4477100372314453
1212,1,0.74237060546875
1213,1,0.12491607666015625
1214,1,0.26316070556640625
1215,1,0.54876708984375
1216,1,0.295989990234375
1217,1,0.5450553894042969
1218,1,0.8371429443359375
1219,1,1.2477569580078125
1220,1,0.20479965209960938
1221,1,0.4074859619140625
1222,1,0.36907386779785156
1223,1,0.25650978088378906
1224,1,0.41226768493652344
1225,1,1.5635986328125
1226,1,1.25732421875
1227,1,0.273193359375
1228,1,0.7119712829589844
1229,1,0.519775390625
1230,1,0.953369140625
1231,1,0.17920875549316406
1232,1,0.5153350830078125
1233,1,0.1376323699951172
1234,1,0.41553497314453125
1235,1,0.6654624938964844
1236,1,0.4757194519042969
1237,1,0.30108642578125
1238,1,0.08651542663574219
1239,1,0.7842941284179688
1240,1,0.6131210327148438
1241,1,0.39760589599609375
1242,1,0.534271240234375
1243,1,0.157440185546875
1244,1,0.355072021484375
1245,1,0.8272705078125
1246,1,0.09220123291015625
1247,1,0.563232421875
1248,1,0.3873291015625
1249,1,0.18853759765625
1250,1,0.251129150390625
1251,1,0.7941970825195312
1252,1,0.63067626953125
1253,1,0.4616355895996094
1254,1,0.595184326171875
1255,1,0.1911468505859375
1256,1,0.19840431213378906
1257,1,0.485565185546875
1258,1,0.3567161560058594
1259,1,1.16265869140625
1260,1,0.4443168640136719
1261,1,0.15175247192382812
1262,1,0.57562255859375
1263,1,0.33594703674316406
1264,1,0.4562244415283203
1265,1,0.6557903289794922
1266,1,0.17126083374023438
1267,1,0.05548667907714844
1268,1,0.874755859375
1269,1,0.10892105102539062
1270,1,0.35308074951171875
1271,1,1.3947296142578125
1272,1,0.45696258544921875
1273,1,0.1104135513305664
1274,1,0.06333732604980469
1275,1,0.0995645523071289
1276,1,0.13846588134765625
1277,1,0.13072967529296875
1278,1,0.687225341796875
1279,1,1.0185928344726562
1280,1,0.355865478515625
1281,1,0.30348968505859375
1282,1,0.4343852996826172
1283,1,0.1174468994140625
1284,1,0.5406589508056641
1285,1,0.24732208251953125
1286,1,0.09363174438476562
1287,1,0.7856578826904297
1288,1,0.11799240112304688
1289,1,0.4419116973876953
1290,1,0.1787567138671875
1291,1,0.23434829711914062
1292,1,0.6912078857421875
1293,1,0.3587646484375
1294,1,0.28875732421875
1295,1,0.8596267700195312
1296,1,0.8663005828857422
1297,1,0.533203125
1298,1,0.17569732666015625
1299,1,0.3288764953613281
1300,1,0.30401611328125
1301,1,0.40221405029296875
1302,1,0.736602783203125
1303,1,0.49236011505126953
1304,1,0.13515663146972656
1305,1,0.27056884765625
1306,1,0.7200889587402344
1307,1,1.18798828125
1308,1,1.4008197784423828
1309,1,1.0799617767333984
1310,1,0.1028289794921875
1311,1,0.29248809814453125
1312,1,0.33471107482910156
1313,1,0.038056373596191406
1314,1,0.5516338348388672
1315,1,0.28313446044921875
1316,1,0.23438262939453125
1317,1,0.5051031112670898
1318,1,0.712371826171875
1319,1,0.25101280212402344
1320,1,0.16999435424804688
1321,1,1.4194412231445312
1322,1,0.3143730163574219
1323,1,0.5420131683349609
1324,1,0.7828865051269531
1325,1,0.043193817138671875
1326,1,0.19324111938476562
1327,1,0.3699150085449219
1328,1,0.63836669921875
1329,1,1.1227455139160156
1330,1,0.226104736328125
1331,1,0.1428375244140625
1332,1,0.411285400390625
1333,1,0.6400375366210938
1334,1,0.25133514404296875
1335,1,0.20304489135742188
1336,1,0.043396949768066406
1337,1,0.6097564697265625
1338,1,0.031787872314453125
1339,1,0.12057876586914062
1340,1,0.5791168212890625
1341,1,0.5197982788085938
1342,1,0.343017578125
1343,1,1.0140533447265625
1344,1,1.0934906005859375
1345,1,0.9329032897949219
1346,1,0.0815277099609375
1347,1,0.7451324462890625
1348,1,0.028400421142578125
1349,1,0.6407375335693359
1350,1,0.11177444458007812
1351,1,0.39307403564453125
1352,1,0.3427705764770508
1353,1,0.3636436462402344
1354,1,0.14965057373046875
1355,1,0.578094482421875
1356,1,1.3959999084472656
1357,1,0.01837444305419922
1358,1,0.7765960693359375
1359,1,0.5316162109375
1360,1,0.5418672561645508
1361,1,0.20986557006835938
1362,1,0.9275379180908203
1363,1,0.8396263122558594
1364,1,0.2360239028930664
1365,1,2.405782699584961
1366,1,1.1026105880737305
1367,1,0.2854318618774414
1368,1,0.9754295349121094
1369,1,0.15964889526367188
1370,1,0.37924957275390625
1371,1,0.1514129638671875
1372,1,0.6783905029296875
1373,1,0.3998298645019531
1374,1,0.5712394714355469
1375,1,0.9300727844238281
1376,1,1.2917938232421875
1377,1,0.4024925231933594
1378,1,0.27841949462890625
1379,1,0.06158256530761719
1380,1,0.17947769165039062
1381,1,0.20958709716796875
1382,1,0.10763835906982422
1383,1,0.46881103515625
1384,1,0.6598663330078125
1385,1,0.09813690185546875
1386,1,1.1384048461914062
1387,1,0.45874786376953125
1388,1,0.6115550994873047
1389,1,0.24804306030273438
1390,1,0.3221435546875
1391,1,0.5498428344726562
1392,1,0.5708694458007812
1393,1,0.0773611068725586
1394,1,0.635101318359375
1395,1,1.00689697265625
1396,1,1.225748062133789
1397,1,0.1826324462890625
1398,1,0.779083251953125
1399,1,0.920166015625
1400,1,0.5273971557617188
1401,1,0.21582412719726562
1402,1,0.09227371215820312
1403,1,0.11865997314453125
1404,1,1.0590896606445312
1405,1,0.6842155456542969
1406,1,0.34725379943847656
1407,1,0.2272205352783203
1408,1,0.12694740295410156
1409,1,0.13494110107421875
1410,1,0.250579833984375
1411,1,0.8485870361328125
1412,1,0.6534919738769531
1413,1,0.0517578125
1414,1,0.100006103515625
1415,1,0.5359477996826172
1416,1,0.47344207763671875
1417,1,0.750030517578125
1418,1,0.4129447937011719
1419,1,0.48217010498046875
1420,1,0.17057037353515625
1421,1,0.762908935546875
1422,1,0.21016502380371094
1423,1,0.15539932250976562
1424,1,0.3653717041015625
1425,1,0.24884414672851562
1426,1,0.7713050842285156
1427,1,1.00311279296875
1428,1,0.29227447509765625
1429,1,0.10182762145996094
1430,1,0.10808944702148438
1431,1,0.6542739868164062
1432,1,0.0773468017578125
1433,1,0.39636993408203125
1434,1,0.1456756591796875
1435,1,0.4429759979248047
1436,1,0.8857574462890625
1437,1,1.122833251953125
1438,1,0.6436004638671875
1439,1,0.3187389373779297
1440,1,0.9369888305664062
1441,1,0.8546371459960938
1442,1,0.19391250610351562
1443,1,0.34464073181152344
1444,1,0.3476409912109375
1445,1,0.15013885498046875
1446,1,0.04613685607910156
1447,1,0.08511543273925781
1448,1,0.2245025634765625
1449,1,1.2412109375
1450,1,0.5731163024902344
1451,1,1.40484619140625
1452,1,0.2271728515625
1453,1,0.2877635955810547
1454,1,0.5302104949951172
1455,1,0.14715957641601562
1456,1,0.425323486328125
1457,1,0.0728912353515625
1458,1,1.2098979949951172
1459,1,0.13502883911132812
1460,1,0.7510604858398438
1461,1,0.48007965087890625
1462,1,1.955230712890625
1463,1,0.15331077575683594
1464,1,0.10624027252197266
1465,1,0.13581275939941406
1466,1,1.1123409271240234
1467,1,0.23307037353515625
1468,1,1.00262451171875
1469,1,0.536407470703125
1470,1,0.081573486328125
1471,1,0.17566299438476562
1472,1,0.9970779418945312
1473,1,0.39310455322265625
1474,1,0.24607276916503906
1475,1,0.3319101333618164
1476,1,1.760345458984375
1477,1,0.2648429870605469
1478,1,0.3393669128417969
1479,1,0.24802398681640625
1480,1,1.3778076171875
1481,1,0.40651702880859375
1482,1,1.4118995666503906
1483,1,0.926025390625
1484,1,0.2143707275390625
1485,1,0.460296630859375
1486,1,0.2931480407714844
1487,1,0.194183349609375
1488,1,0.178192138671875
1489,1,0.94378662109375
1490,1,0.4899444580078125
1491,1,0.1887664794921875
1492,1,0.6094970703125
1493,1,0.37386322021484375
1494,1,0.49008941650390625
1495,1,0.8303928375244141
1496,1,0.2474384307861328
1497,1,0.10759162902832031
1498,1,0.6741447448730469
1499,1,1.1779899597167969
1500,1,0.308868408203125
1501,1,0.7502288818359375
1502,1,0.8726310729980469
1503,1,0.29469871520996094
1504,1,0.6386528015136719
1505,1,0.6256847381591797
1506,1,0.6291713714599609
1507,1,0.0771331787109375
1508,1,0.1549224853515625
1509,1,0.7617931365966797
1510,1,0.3969841003417969
1511,1,0.0685882568359375
1512,1,1.5509033203125
1513,1,1.15802001953125
1514,1,0.3929901123046875
1515,1,0.4334239959716797
1516,1,0.40712738037109375
1517,1,0.055103302001953125
1518,1,0.3290252685546875
1519,1,0.7148113250732422
1520,1,0.23182296752929688
1521,1,0.6691093444824219
1522,1,0.32967376708984375
1523,1,0.34763336181640625
1524,1,0.93768310546875
1525,1,0.11395645141601562
1526,1,0.7120513916015625
1527,1,0.46048736572265625
1528,1,0.416595458984375
1529,1,0.0750274658203125
1530,1,0.9683914184570312
1531,1,0.29361915588378906
1532,1,0.20647239685058594
1533,1,0.06733131408691406
1534,1,0.6267242431640625
1535,1,0.3932323455810547
1536,1,0.07609939575195312
1537,1,0.7801513671875
1538,1,0.5524482727050781
1539,1,0.06517410278320312
1540,1,0.029375076293945312
1541,1,0.2106342315673828
1542,1,0.49788665771484375
1543,1,0.03444194793701172
1544,1,0.8101863861083984
1545,1,0.23345947265625
1546,1,0.46743011474609375
1547,1,0.4734611511230469
1548,1,0.20685768127441406
1549,1,0.061344146728515625
1550,1,0.2034454345703125
1551,1,0.26558685302734375
1552,1,1.0394287109375
1553,1,1.183441162109375
1554,1,0.16400146484375
1555,1,0.2724132537841797
1556,1,0.027496337890625
1557,1,0.07301521301269531
1558,1,0.5386223793029785
1559,1,0.14763259887695312
1560,1,1.0108833312988281
1561,1,0.27283668518066406
1562,1,0.1864614486694336
1563,1,0.3646430969238281
1564,1,0.846435546875
1565,1,0.031707763671875
1566,1,0.7828826904296875
1567,1,0.46443843841552734
1568,1,0.03129768371582031
1569,1,1.587646484375
1570,1,0.06721115112304688
1571,1,0.46187496185302734
1572,1,0.10710620880126953
1573,1,0.15489578247070312
1574,1,0.7143650054931641
1575,1,0.015878677368164062
1576,1,1.529296875
1577,1,0.11758041381835938
1578,1,0.3975858688354492
1579,1,1.6246223449707031
1580,1,0.14817237854003906
1581,1,0.04172706604003906
1582,1,0.6550788879394531
1583,1,0.15742111206054688
1584,1,0.5119695663452148
1585,1,0.05156135559082031
1586,1,0.27175331115722656
1587,1,0.5863208770751953
1588,1,0.08419036865234375
1589,1,0.17381906509399414
1590,1,0.7154350280761719
1591,1,0.017912864685058594
1592,1,0.054538726806640625
1593,1,0.1143646240234375
1594,1,0.6201200485229492
1595,1,0.03859710693359375
1596,1,2.5019054412841797
1597,1,0.6417007446289062
1598,1,0.05434608459472656
1599,1,0.1328887939453125
1600,1,0.4351348876953125
1601,1,0.43926525115966797
1602,1,0.8524398803710938
1603,1,0.199737548828125
1604,1,1.1144332885742188
1605,1,1.946044921875
1606,1,1.5015869140625
1607,1,1.5274772644042969
1608,1,0.7619771957397461
1609,1,0.38092041015625
1610,1,0.6039280891418457
1611,1,1.3939590454101562
1612,1,0.11704111099243164
1613,1,1.09619140625
1614,1,0.28057861328125
1615,1,0.580108642578125
1616,1,0.17322731018066406
1617,1,0.5701160430908203
1618,1,0.43422889709472656
1619,1,1.0629043579101562
1620,1,0.7031440734863281
1621,1,0.6142578125
1622,1,0.3644075393676758
1623,1,0.912200927734375
1624,1,0.03232574462890625
1625,1,0.20807647705078125
1626,1,0.13004398345947266
1627,1,0.5767440795898438
1628,1,0.0532684326171875
1629,1,0.04855537414550781
1630,1,0.8452167510986328
1631,1,0.20915985107421875
1632,1,0.1075439453125
1633,1,0.7360439300537109
1634,1,0.8656120300292969
1635,1,0.580963134765625
1636,1,1.000532627105713
1637,1,0.4095144271850586
1638,1,0.8499078750610352
1639,1,0.016027450561523438
1640,1,0.2213573455810547
1641,1,1.0352449417114258
1642,1,0.4717826843261719
1643,1,0.06011009216308594
1644,1,0.025440692901611328
1645,1,0.2939949035644531
1646,1,0.07543182373046875
1647,1,0.3301849365234375
1648,1,0.15664386749267578
1649,1,0.13446521759033203
1650,1,0.19607162475585938
1651,1,0.06780624389648438
1652,1,0.0560450553894043
1653,1,0.27692699432373047
1654,1,0.5846176147460938
1655,1,0.9858083724975586
1656,1,0.3942718505859375
1657,1,0.02566051483154297
1658,1,0.09903383255004883
1659,1,0.02579212188720703
1660,1,0.2582712173461914
1661,1,0.7315158843994141
1662,1,0.012429237365722656
1663,1,0.15071678161621094
1664,1,0.06055641174316406
1665,1,0.6121878623962402
1666,1,0.7594084739685059
1667,1,0.5919265747070312
1668,1,0.3882122039794922
1669,1,0.7893972396850586
1670,1,0.9135513305664062
1671,1,0.3343391418457031
1672,1,0.14668846130371094
1673,1,0.9224281311035156
1674,1,0.06584358215332031
1675,1,0.012727737426757812
1676,1,0.06579732894897461
1677,1,1.0834617614746094
1678,1,0.88232421875
1679,1,0.7796859741210938
1680,1,0.04802513122558594
1681,1,0.9769630432128906
1682,1,0.5617294311523438
1683,1,0.7334985733032227
1684,1,0.08927154541015625
1685,1,0.17408418655395508
1686,1,0.022434234619140625
1687,1,1.1588058471679688
1688,1,0.9171233177185059
1689,1,0.7095108032226562
1690,1,1.4106950759887695
1691,1,0.9353370666503906
1692,1,1.2952880859375
1693,1,0.410064697265625
1694,1,0.323638916015625
1695,1,1.7320442199707031
1696,1,0.05469512939453125
1697,1,0.762298583984375
1698,1,0.4823799133300781
1699,1,0.5125160217285156
1700,1,0.9329071044921875
1701,1,1.2243499755859375
1702,1,1.3819732666015625
1703,1,0.2769756317138672
1704,1,0.8365983963012695
1705,1,0.24287033081054688
1706,1,0.5130615234375
1707,1,0.3033599853515625
1708,1,0.08429336547851562
1709,1,1.484954833984375
1710,1,1.0546989440917969
1711,1,0.07426834106445312
1712,1,0.165618896484375
1713,1,0.3162708282470703
1714,1,0.14226341247558594
1715,1,0.04388999938964844
1716,1,0.1868896484375
1717,1,0.8878173828125
1718,1,0.4780120849609375
1719,1,0.15211868286132812
1720,1,0.28082942962646484
1721,1,0.24287891387939453
1722,1,0.09828472137451172
1723,1,0.21426010131835938
1724,1,0.1823902130126953
1725,1,0.842559814453125
1726,1,0.32892322540283203
1727,1,0.111358642578125
1728,1,0.2078685760498047
1729,1,0.12100410461425781
1730,1,0.26427650451660156
1731,1,0.6954345703125
1732,1,0.33241748809814453
1733,1,1.2165069580078125
1734,1,0.3066563606262207
1735,1,0.5021772384643555
1736,1,1.272268295288086
1737,1,0.6683273315429688
1738,1,0.11742496490478516
1739,1,0.5911865234375
1740,1,0.24874401092529297
1741,1,0.27604198455810547
1742,1,0.00618743896484375
1743,1,0.4836082458496094
1744,1,0.9384860992431641
1745,1,0.12940597534179688
1746,1,0.2046794891357422
1747,1,0.3238959312438965
1748,1,0.9181632995605469
1749,1,0.6572189331054688
1750,1,0.5331869125366211
1751,1,0.319488525390625
1752,1,0.6017074584960938
1753,1,1.120713233947754
1754,1,1.0516510009765625
1755,1,0.50885009765625
1756,1,0.38525390625
1757,1,0.2647285461425781
1758,1,0.02076244354248047
1759,1,0.47296905517578125
1760,1,0.2177286148071289
1761,1,0.3221449851989746
1762,1,0.3111419677734375
1763,1,0.4518566131591797
1764,1,0.5108261108398438
1765,1,0.06011772155761719
1766,1,0.30632591247558594
1767,1,0.5357809066772461
1768,1,0.568964958190918
1769,1,0.7294540405273438
1770,1,0.2098217010498047
1771,1,0.4171590805053711
1772,1,0.895111083984375
1773,1,0.7452507019042969
1774,1,0.24236106872558594
1775,1,0.34531402587890625
1776,1,0.376617431640625
1777,1,0.266082763671875
1778,1,0.4591636657714844
1779,1,0.4922599792480469
1780,1,0.13232421875
1781,1,0.6042938232421875
1782,1,0.552276611328125
1783,1,0.5946063995361328
1784,1,0.5735769271850586
1785,1,0.687896728515625
1786,1,0.6753826141357422
1787,1,0.04865264892578125
1788,1,0.3263111114501953
1789,1,0.22686767578125
1790,1,0.5396728515625
1791,1,0.3491678237915039
1792,1,0.22002410888671875
1793,1,0.23540592193603516
1794,1,0.07933807373046875
1795,1,0.6780929565429688
1796,1,0.02490997314453125
1797,1,0.08017158508300781
1798,1,0.4963951110839844
1799,1,0.6966352462768555
1800,1,0.6111106872558594
1801,1,0.30106163024902344
1802,1,0.05847740173339844
1803,1,1.218595027923584
1804,1,0.3326835632324219
1805,1,0.4297008514404297
1806,1,0.05690288543701172
1807,1,0.26776695251464844
1808,1,0.6304283142089844
1809,1,1.0019111633300781
1810,1,0.34818077087402344
1811,1,0.434755802154541
1812,1,1.18084716796875
1813,1,0.1298847198486328
1814,1,0.38239049911499023
1815,1,0.5866432189941406
1816,1,0.3740673065185547
1817,1,0.8678836822509766
1818,1,0.31337738037109375
1819,1,0.07857513427734375
1820,1,0.205535888671875
1821,1,0.10598468780517578
1822,1,0.31799936294555664
1823,1,0.06711196899414062
1824,1,0.571833610534668
1825,1,0.9798355102539062
1826,1,0.6456303596496582
1827,1,0.2991495132446289
1828,1,0.10054826736450195
1829,1,0.1532907485961914
1830,1,0.1490192413330078
1831,1,0.4420619010925293
1832,1,0.0055446624755859375
1833,1,0.3748321533203125
1834,1,0.011599540710449219
1835,1,0.5306472778320312
1836,1,1.0541191101074219
1837,1,0.2948017120361328
1838,1,0.43026161193847656
1839,1,0.8387069702148438
1840,1,0.27806758880615234
1841,1,0.495941162109375
1842,1,0.26114654541015625
1843,1,0.4214315414428711
1844,1,0.9366073608398438
1845,1,0.5313005447387695
1846,1,0.758063793182373
1847,1,0.4879016876220703
1848,1,0.346163272857666
1849,1,0.2890615463256836
1850,1,0.05644702911376953
1851,1,0.48480224609375
1852,1,0.1204681396484375
1853,1,0.6792373657226562
1854,1,0.5631313323974609
1855,1,0.7792205810546875
1856,1,0.8473052978515625
1857,1,0.37078857421875
1858,1,0.47888946533203125
1859,1,0.280548095703125
1860,1,0.05397796630859375
1861,1,0.45915746688842773
1862,1,1.23236083984375
1863,1,0.5867948532104492
1864,1,0.97552490234375
1865,1,0.18306732177734375
1866,1,0.1826648712158203
1867,1,0.5231151580810547
1868,1,0.06442070007324219
1869,1,0.24458026885986328
1870,1,0.42627525329589844
1871,1,0.26854705810546875
1872,1,0.16759109497070312
1873,1,0.3091278076171875
1874,1,0.2599334716796875
1875,1,0.10747528076171875
1876,1,0.22231388092041016
1877,1,0.7852458953857422
1878,1,0.23595428466796875
1879,1,0.5264625549316406
1880,1,0.14091873168945312
1881,1,0.8773846626281738
1882,1,0.11491966247558594
1883,1,0.6730842590332031
1884,1,0.23310327529907227
1885,1,0.24462318420410156
1886,1,0.4350471496582031
1887,1,0.08435821533203125
1888,1,0.19053411483764648
1889,1,0.74066162109375
1890,1,0.7795944213867188
1891,1,0.8048248291015625
1892,1,1.0013504028320312
1893,1,0.2994070053100586
1894,1,0.6846389770507812
1895,1,0.8795576095581055
1896,1,0.1392350196838379
1897,1,0.7707595825195312
1898,1,0.2405242919921875
1899,1,0.051776885986328125
1900,1,0.030519962310791016
1901,1,0.7026290893554688
1902,1,0.7306709289550781
1903,1,0.15216827392578125
1904,1,0.7387504577636719
1905,1,0.22310447692871094
1906,1,0.5246005058288574
1907,1,0.49753904342651367
1908,1,0.6642379760742188
1909,1,0.06632232666015625
1910,1,1.2199592590332031
1911,1,0.07649612426757812
1912,1,0.7101593017578125
1913,1,0.04592132568359375
1914,1,0.201416015625
1915,1,0.5380487442016602
1916,1,0.4488811492919922
1917,1,0.6056365966796875
1918,1,0.059967041015625
1919,1,0.135711669921875
1920,1,1.0045890808105469
1921,1,0.11525249481201172
1922,1,0.03019237518310547
1923,1,0.12949371337890625
1924,1,0.15479469299316406
1925,1,1.357518196105957
1926,1,0.48365068435668945
1927,1,0.7326946258544922
1928,1,0.6142120361328125
1929,1,0.0359959602355957
1930,1,0.22319412231445312
1931,1,1.1305694580078125
1932,1,0.014378070831298828
1933,1,0.36858272552490234
1934,1,0.6259260177612305
1935,1,0.0526123046875
1936,1,0.29294633865356445
1937,1,0.2086653709411621
1938,1,0.95196533203125
1939,1,0.30707740783691406
1940,1,0.04568290710449219
1941,1,0.309659481048584
1942,1,0.6206073760986328
1943,1,0.07866954803466797
1944,1,0.6843171119689941
1945,1,0.18829059600830078
1946,1,0.43454456329345703
1947,1,1.258059024810791
1948,1,0.3246479034423828
1949,1,0.01942157745361328
1950,1,0.3586578369140625
1951,1,0.1265702247619629
1952,1,0.3800010681152344
1953,1,0.039722442626953125
1954,1,0.11649274826049805
1955,1,1.2799491882324219
1956,1,0.2532196044921875
1957,1,0.4552600383758545
1958,1,0.4202136993408203
1959,1,0.1910858154296875
1960,1,0.04728984832763672
1961,1,1.1312885284423828
1962,1,0.8692054748535156
1963,1,0.052724361419677734
1964,1,0.10296154022216797
1965,1,0.18846893310546875
1966,1,0.0631103515625
1967,1,1.077136516571045
1968,1,0.22716951370239258
1969,1,0.41148948669433594
1970,1,0.1486988067626953
1971,1,0.573549747467041
1972,1,0.2932243347167969
1973,1,0.08128643035888672
1974,1,1.5801582336425781
1975,1,0.620880126953125
1976,1,1.6022601127624512
1977,1,0.7948083877563477
1978,1,0.47219228744506836
1979,1,0.15611600875854492
1980,1,0.50213623046875
1981,1,1.2024164199829102
1982,1,0.18918776512145996
1983,1,0.11315536499023438
1984,1,0.8658995628356934
1985,1,0.011406898498535156
1986,1,0.6011757850646973
1987,1,0.18086814880371094
1988,1,0.5315303802490234
1989,1,0.014609813690185547
1990,1,0.6862068176269531
1991,1,0.12116718292236328
1992,1,0.192474365234375
1993,1,0.05372047424316406
1994,1,0.342803955078125
1995,1,0.586700439453125
1996,1,0.19970130920410156
1997,1,0.05299997329711914
1998,1,0.29897522926330566
1999,1,0.022666454315185547
2000,1,0.16840171813964844
2001,1,0.01790142059326172
2002,1,0.2698249816894531
2003,1,0.3093099594116211
2004,1,1.211106300354004
2005,1,0.6547679901123047
2006,1,0.035567283630371094
2007,1,0.08710813522338867
2008,1,1.1826114654541016
2009,1,0.03408241271972656
2010,1,0.28745269775390625
2011,1,0.026947498321533203
2012,1,0.5820703506469727
2013,1,0.11356258392333984
2014,1,0.9561846256256104
2015,1,0.1735248565673828
2016,1,0.2204756736755371
2017,1,0.3122224807739258
2018,1,0.2157306671142578
2019,1,0.08348631858825684
2020,1,1.081907033920288
2021,1,0.031100749969482422
2022,1,0.12764859199523926
2023,1,1.0723342895507812
2024,1,0.2410569190979004
2025,1,0.10471868515014648
2026,1,0.024378538131713867
2027,1,0.7544093132019043
2028,1,1.02972412109375
2029,1,0.019699811935424805
2030,1,0.14330387115478516
2031,1,0.9774932861328125
2032,1,0.9014794826507568
2033,1,0.36876630783081055
2034,1,0.09569168090820312
2035,1,1.5729255676269531
2036,1,1.0645718574523926
2037,1,0.6074333190917969
2038,1,0.6940946578979492
2039,1,0.37801122665405273
2040,1,1.2389960289001465
2041,1,0.17123031616210938
2042,1,0.0031807422637939453
2043,1,0.0494389533996582
2044,1,0.17606663703918457
2045,1,0.28063011169433594
2046,1,0.8528604507446289
2047,1,0.20283031463623047
2048,1,0.6404833793640137
2049,1,0.032340288162231445
2050,1,0.0038919448852539062
2051,1,0.432584285736084
2052,1,0.6625289916992188
2053,1,0.03394174575805664
2054,1,0.11579656600952148
2055,1,0.7738828659057617
2056,1,0.6662585735321045
2057,1,2.007923126220703
2058,1,0.10252141952514648
2059,1,0.2454051971435547
2060,1,0.03218412399291992
2061,1,0.5807027816772461
2062,1,0.18828773498535156
2063,1,0.05628204345703125
2064,1,0.32665038108825684
2065,1,0.014759540557861328
2066,1,0.9091682434082031
2067,1,0.3645181655883789
2068,1,0.030063629150390625
2069,1,0.11916923522949219
2070,1,0.41933679580688477
2071,1,0.7592849731445312
2072,1,0.6785850524902344
2073,1,0.07371139526367188
2074,1,1.007131576538086
2075,1,0.35898876190185547
2076,1,0.8633084297180176
2077,1,0.020949363708496094
2078,1,1.3786468505859375
2079,1,1.1916980743408203
2080,1,1.6742706298828125
2081,1,1.028336524963379
2082,1,0.5695915222167969
2083,1,0.07111978530883789
2084,1,0.9848699569702148
2085,1,0.7811369895935059
2086,1,0.06299948692321777
2087,1,0.9486761093139648
2088,1,0.07958269119262695
2089,1,0.3017258644104004
2090,1,0.013509750366210938
2091,1,1.1172008514404297
2092,1,1.392357349395752
2093,1,0.11110877990722656
2094,1,0.582733154296875
2095,1,0.022898197174072266
2096,1,0.7760238647460938
2097,1,1.1118965148925781
2098,1,0.05634355545043945
2099,1,0.3382072448730469
2100,1,0.003277301788330078
2101,1,0.07737135887145996
2102,1,0.7318572998046875
2103,1,0.06771087646484375
2104,1,1.4312477111816406
2105,1,0.8025379180908203
2106,1,0.06283950805664062
2107,1,0.24876785278320312
2108,1,0.3829035758972168
2109,1,0.027780532836914062
2110,1,0.9016208648681641
2111,1,0.8613452911376953
2112,1,0.3203125
2113,1,0.8198356628417969
2114,1,0.45330810546875
2115,1,0.08029747009277344
2116,1,0.017319202423095703
2117,1,0.012358665466308594
2118,1,0.7145214080810547
2119,1,0.2215266227722168
2120,1,0.8493614196777344
2121,1,0.4559307098388672
2122,1,0.8788204193115234
2123,1,0.14339828491210938
2124,1,0.8354883193969727
2125,1,0.4229774475097656
2126,1,0.1164698600769043
2127,1,0.24873685836791992
2128,1,0.7633037567138672
2129,1,0.70941162109375
2130,1,0.024152278900146484
2131,1,1.2415580749511719
2132,1,0.9995460510253906
2133,1,0.14771509170532227
2134,1,0.04062461853027344
2135,1,0.13385009765625
2136,1,0.08714675903320312
2137,1,0.6738557815551758
2138,1,0.023233413696289062
2139,1,0.5227756500244141
2140,1,1.2091064453125
2141,1,0.4439697265625
2142,1,0.738006591796875
2143,1,0.1867198944091797
2144,1,0.06420040130615234
2145,1,1.55535888671875
2146,1,0.04518699645996094
2147,1,0.07711124420166016
2148,1,0.03527498245239258
2149,1,0.0066318511962890625
2150,1,0.2683548927307129
2151,1,0.6048307418823242
2152,1,0.05298185348510742
2153,1,0.39476799964904785
2154,1,1.5289306640625
2155,1,0.18110990524291992
2156,1,0.25636720657348633
2157,1,0.08459949493408203
2158,1,0.013288497924804688
2159,1,0.0818939208984375
2160,1,0.3785829544067383
2161,1,0.0041921138763427734
2162,1,2.156557321548462
2163,1,2.730299949645996
2164,1,0.4639272689819336
2165,1,0.014170646667480469
2166,1,0.1020655632019043
2167,1,0.5781035423278809
2168,1,3.250889539718628
2169,1,0.03084850311279297
2170,1,0.17087650299072266
2171,1,0.057145118713378906
2172,1,0.06113719940185547
2173,1,0.0370173454284668
2174,1,0.09982061386108398
2175,1,0.9065289497375488
2176,1,0.2491436004638672
2177,1,0.23480224609375
2178,1,0.7266168594360352
2179,1,0.0675044059753418
2180,1,0.03086996078491211
2181,1,1.014557123184204
2182,1,0.8686351776123047
2183,1,0.49607086181640625
2184,1,0.6718273162841797
2185,1,1.4163579940795898
2186,1,1.0118608474731445
2187,1,0.050920724868774414
2188,1,0.007941246032714844
2189,1,1.0905399322509766
2190,1,0.028865337371826172
2191,1,0.03585052490234375
2192,1,0.6310262680053711
2193,1,1.4524650573730469
2194,1,1.899998664855957
2195,1,0.3342142105102539
2196,1,0.010707378387451172
2197,1,0.015973567962646484
2198,1,0.08281326293945312
2199,1,0.1477668285369873
2200,1,0.8631706237792969
2201,1,0.6258816719055176
2202,1,1.1701202392578125
2203,1,0.03404808044433594
2204,1,1.2761468887329102
2205,1,0.5213546752929688
2206,1,0.03277873992919922
2207,1,1.6908416748046875
2208,1,0.8564462661743164
2209,1,0.4678764343261719
2210,1,0.6717491149902344
2211,1,0.10482311248779297
2212,1,0.2294464111328125
2213,1,0.23557758331298828
2214,1,0.9770908355712891
2215,1,1.4820184707641602
2216,1,0.30342578887939453
2217,1,0.9483299255371094
2218,1,0.12197113037109375
2219,1,0.25835514068603516
2220,1,1.4898509979248047
2221,1,0.027628421783447266
2222,1,0.5571098327636719
2223,1,0.5974197387695312
2224,1,0.24335765838623047
2225,1,0.05741596221923828
2226,1,0.2214975357055664
2227,1,0.04800748825073242
2228,1,0.03662443161010742
2229,1,0.4527263641357422
2230,1,0.20860648155212402
2231,1,1.7571983337402344
2232,1,0.9484163522720337
2233,1,0.149566650390625
2234,1,0.3760032653808594
2235,1,0.055480241775512695
2236,1,0.06925392150878906
2237,1,0.47704505920410156
2238,1,0.5342211723327637
2239,1,0.22600173950195312
2240,1,0.15784454345703125
2241,1,0.2370901107788086
2242,1,0.01701831817626953
2243,1,0.21817731857299805
2244,1,0.20981121063232422
2245,1,0.4447929859161377
2246,1,0.005659580230712891
2247,1,0.390228271484375
2248,1,0.5382537841796875
2249,1,0.41156673431396484
2250,1,0.056516170501708984
2251,1,0.27806854248046875
2252,1,1.2164697647094727
2253,1,0.017374157905578613
2254,1,0.39772582054138184
2255,1,0.15065765380859375
2256,1,0.004477500915527344
2257,1,0.020271778106689453
2258,1,0.74257493019104
2259,1,0.36608314514160156
2260,1,0.006811857223510742
2261,1,0.06136798858642578
2262,1,0.04499483108520508
2263,1,0.644561767578125
2264,1,0.11690092086791992
2265,1,0.03195476531982422
2266,1,0.28434133529663086
2267,1,0.17258620262145996
2268,1,0.449648380279541
2269,1,0.7734584808349609
2270,1,1.7455148696899414
2271,1,0.4298713207244873
2272,1,0.11649465560913086
2273,1,0.065216064453125
2274,1,0.0865631103515625
2275,1,0.013345479965209961
2276,1,0.259796142578125
2277,1,0.5003876686096191
2278,1,0.5542416572570801
2279,1,0.4046592712402344
2280,1,0.010958194732666016
2281,1,0.020160913467407227
2282,1,1.446380615234375
2283,1,0.05653178691864014
2284,1,0.13392329216003418
2285,1,0.3909912109375
2286,1,1.299727201461792
2287,1,0.19707846641540527
2288,1,0.3362464904785156
2289,1,0.010862350463867188
2290,1,1.0169677734375
2291,1,0.0018873214721679688
2292,1,0.33699893951416016
2293,1,0.725252628326416
2294,1,0.7723255157470703
2295,1,0.302748441696167
2296,1,0.46494531631469727
2297,1,0.055429697036743164
2298,1,0.48963165283203125
2299,1,0.23047637939453125
2300,1,0.42934656143188477
2301,1,0.967665433883667
2302,1,0.022978544235229492
2303,1,0.019312381744384766
2304,1,0.39236021041870117
2305,1,1.0593745708465576
2306,1,1.1969878673553467
2307,1,0.5055785179138184
2308,1,0.31878232955932617
2309,1,0.4295327663421631
2310,1,0.005250692367553711
2311,1,0.2661252021789551
2312,1,1.3286776542663574
2313,1,1.067920207977295
2314,1,1.1272251605987549
2315,1,0.6186549663543701
2316,1,0.28259921073913574
2317,1,0.40471482276916504
2318,1,1.4371960163116455
2319,1,0.29738426208496094
2320,1,0.006499528884887695
2321,1,0.5276498794555664
2322,1,0.1741018295288086
2323,1,1.40643310546875
2324,1,0.22565746307373047
2325,1,0.03506660461425781
2326,1,0.02495718002319336
2327,1,0.5592536926269531
2328,1,0.10898876190185547
2329,1,0.016178607940673828
2330,1,0.26766252517700195
2331,1,0.030892372131347656
2332,1,0.1608438491821289
2333,1,0.07341670989990234
2334,1,0.012350082397460938
2335,1,1.4355106353759766
2336,1,0.0042934417724609375
2337,1,0.5948781967163086
2338,1,0.39327335357666016
2339,1,0.7501187324523926
2340,1,0.11528396606445312
2341,1,0.10719680786132812
2342,1,0.1167154312133789
2343,1,0.90460205078125
2344,1,1.7703857421875
2345,1,0.022306442260742188
2346,1,0.05403327941894531
2347,1,1.6292877197265625
2348,1,1.0216960906982422
2349,1,0.7543706893920898
2350,1,0.026010513305664062
2351,1,2.0601000785827637
2352,1,0.6977229118347168
2353,1,1.264373779296875
2354,1,0.11139035224914551
2355,1,1.6834564208984375
2356,1,1.658806324005127
2357,1,0.23910832405090332
2358,1,0.7576866149902344
2359,1,0.1084587574005127
2360,1,0.0891425609588623
2361,1,0.5097713470458984
2362,1,0.04755592346191406
2363,1,0.284576416015625
2364,1,0.08843564987182617
2365,1,1.1008634567260742
2366,1,0.05588555335998535
2367,1,0.07373046875
2368,1,0.20922470092773438
2369,1,1.144796371459961
2370,1,0.1792125701904297
2371,1,0.011289596557617188
2372,1,0.022909879684448242
2373,1,0.3110189437866211
2374,1,0.12901020050048828
2375,1,0.006005287170410156
2376,1,0.02627420425415039
2377,1,0.11484980583190918
2378,1,1.3829832077026367
2379,1,0.3722085952758789
2380,1,1.0481719970703125
2381,1,0.3714599609375
2382,1,1.1330490112304688
2383,1,0.01053619384765625
2384,1,0.022912979125976562
2385,1,0.1716628074645996
2386,1,0.012780904769897461
2387,1,0.5991554260253906
2388,1,0.034895896911621094
2389,1,0.4706234931945801
2390,1,0.20354771614074707
2391,1,0.7453663349151611
2392,1,0.962860107421875
2393,1,0.702239990234375
2394,1,0.16140007972717285
2395,1,0.27968502044677734
2396,1,0.012848854064941406
2397,1,0.41800355911254883
2398,1,0.017794132232666016
2399,1,0.1955103874206543
2400,1,1.524169921875
2401,1,0.23982858657836914
2402,1,0.757054328918457
2403,1,0.37508678436279297
2404,1,1.4199752807617188
2405,1,0.05436444282531738
2406,1,0.014528274536132812
2407,1,0.10359311103820801
2408,1,0.17954564094543457
2409,1,0.3847668170928955
2410,1,0.26934385299682617
2411,1,0.04266929626464844
2412,1,0.8166549205780029
2413,1,0.05547523498535156
2414,1,0.10052108764648438
2415,1,0.19350624084472656
2416,1,0.9963860511779785
2417,1,0.017622947692871094
2418,1,0.40097546577453613
2419,1,0.11790037155151367
2420,1,0.01470947265625
2421,1,0.2614264488220215
2422,1,0.8155896663665771
2423,1,1.6169633865356445
2424,1,0.02518904209136963
2425,1,0.024980545043945312
2426,1,0.47454333305358887
2427,1,0.19305706024169922
2428,1,0.010848045349121094
2429,1,1.519632339477539
2430,1,0.5082149505615234
2431,1,0.023080110549926758
2432,1,0.18407058715820312
2433,1,0.028553247451782227
2434,1,0.7591352462768555
2435,1,0.06373310089111328
2436,1,0.08071231842041016
2437,1,1.3270864486694336
2438,1,0.06481361389160156
2439,1,0.1736898422241211
2440,1,1.455747127532959
2441,1,1.3830831050872803
2442,1,0.6594810485839844
2443,1,0.12627458572387695
2444,1,0.7653059959411621
2445,1,0.006929874420166016
2446,1,0.1665205955505371
2447,1,0.03462791442871094
2448,1,0.7677092552185059
2449,1,0.017468929290771484
2450,1,0.2244398593902588
2451,1,0.6675620079040527
2452,1,0.027685165405273438
2453,1,0.47921085357666016
2454,1,0.638056755065918
2455,1,0.012540817260742188
2456,1,0.9395999908447266
2457,1,0.7857871055603027
2458,1,0.09872746467590332
2459,1,0.00365447998046875
2460,1,0.09339630603790283
2461,1,0.24820852279663086
2462,1,1.163487195968628
2463,1,0.09462761878967285
2464,1,0.17173123359680176
2465,1,0.056304931640625
2466,1,0.8534111976623535
2467,1,1.9433331489562988
2468,1,0.04951286315917969
2469,1,0.052796363830566406
2470,1,0.4046363830566406
2471,1,0.11233997344970703
2472,1,0.6028156280517578
2473,1,0.28310585021972656
2474,1,0.14423322677612305
2475,1,0.01043856143951416
2476,1,0.0035533905029296875
2477,1,0.012229681015014648
2478,1,2.209197998046875
2479,1,0.3920919895172119
2480,1,0.048575639724731445
2481,1,2.1486263275146484
2482,1,0.4664745330810547
2483,1,1.1865310668945312
2484,1,0.013109922409057617
2485,1,0.2203388214111328
2486,1,0.09868621826171875
2487,1,1.3591387271881104
2488,1,0.06882476806640625
2489,1,0.012535572052001953
2490,1,0.010793685913085938
2491,1,0.6075706481933594
2492,1,2.557969093322754
2493,1,1.1048672199249268
2494,1,0.003268003463745117
2495,1,0.621624231338501
2496,1,0.17342042922973633
2497,1,0.006102085113525391
2498,1,0.020003795623779297
2499,1,2.188108444213867
2500,1,0.05697274208068848
2501,1,0.00609588623046875
2502,1,0.36035871505737305
2503,1,0.9015274047851562
2504,1,0.5989246368408203
2505,1,1.257526159286499
2506,1,0.5586175918579102
2507,1,0.750450611114502
2508,1,0.046834707260131836
2509,1,0.3853182792663574
2510,1,0.04033327102661133
2511,1,0.6966285705566406
2512,1,0.013321399688720703
2513,1,0.05456805229187012
2514,1,0.922823429107666
2515,1,0.22315597534179688
2516,1,0.42946672439575195
2517,1,0.4052767753601074
2518,1,0.08737707138061523
2519,1,0.03416728973388672
2520,1,1.236800193786621
2521,1,1.144338846206665
2522,1,1.0184448957443237
2523,1,0.08055305480957031
2524,1,0.8647956848144531
2525,1,0.017022132873535156
2526,1,0.5074386596679688
2527,1,0.9249074459075928
2528,1,0.043500423431396484
2529,1,1.0164117813110352
2530,1,0.3411588668823242
2531,1,0.129974365234375
2532,1,0.28148317337036133
2533,1,0.7580480575561523
2534,1,0.26198577880859375
2535,1,1.2488632202148438
2536,1,0.006978034973144531
2537,1,0.030041217803955078
2538,1,0.2107677459716797
2539,1,0.4442138671875
2540,1,1.009866714477539
2541,1,0.4080777168273926
2542,1,0.6330833435058594
2543,1,0.02333974838256836
2544,1,0.9339885711669922
2545,1,1.4268798828125
2546,1,0.02486443519592285
2547,1,1.0185813903808594
2548,1,0.4488658905029297
2549,1,0.013883590698242188
2550,1,0.03264284133911133
2551,1,0.033875226974487305
2552,1,0.042047739028930664
2553,1,0.6615018844604492
2554,1,0.052641868591308594
2555,1,0.6206340789794922
2556,1,0.04800987243652344
2557,1,1.1287126541137695
2558,1,0.6822624206542969
2559,1,1.1095170974731445
2560,1,0.4725017547607422
2561,1,0.6438937187194824
2562,1,0.4754056930541992
2563,1,0.4200558662414551
2564,1,1.1068572998046875
2565,1,0.11958694458007812
2566,1,0.19289302825927734
2567,1,0.015089035034179688
2568,1,0.29642200469970703
2569,1,0.039475440979003906
2570,1,0.6772956848144531
2571,1,0.28144264221191406
2572,1,0.014779090881347656
2573,1,1.6537837982177734
2574,1,0.032839298248291016
2575,1,0.021407127380371094
2576,1,0.1367340087890625
2577,1,0.1144552230834961
2578,1,0.10521554946899414
2579,1,0.01332998275756836
2580,1,1.3293077945709229
2581,1,2.0666513442993164
2582,1,0.5686933994293213
2583,1,1.1210193634033203
2584,1,0.06374740600585938
2585,1,0.546159029006958
2586,1,1.5811614990234375
2587,1,1.9848040342330933
2588,1,0.39280200004577637
2589,1,0.015459060668945312
2590,1,0.0035812854766845703
2591,1,0.2879824638366699
2592,1,2.057935953140259
2593,1,1.2370858192443848
2594,1,0.533339262008667
2595,1,1.127927303314209
2596,1,0.05421733856201172
2597,1,0.06083488464355469
2598,1,0.016059160232543945
2599,1,0.7841911315917969
2600,1,0.007932662963867188
2601,1,0.9383354187011719
2602,1,0.7255744934082031
2603,1,0.008856534957885742
2604,1,0.6753129959106445
2605,1,0.023097991943359375
2606,1,0.4792318344116211
2607,1,1.9177780151367188
2608,1,0.3594069480895996
2609,1,0.5213871002197266
2610,1,1.3251514434814453
2611,1,0.4722890853881836
2612,1,1.0841431617736816
2613,1,0.02524876594543457
2614,1,0.5059900283813477
2615,1,0.08984184265136719
2616,1,0.15031719207763672
2617,1,1.3277244567871094
2618,1,0.49764108657836914
2619,1,0.33075737953186035
2620,1,0.4382486343383789
2621,1,0.9025115966796875
2622,1,0.7089309692382812
2623,1,0.26586294174194336
2624,1,0.5999858379364014
2625,1,1.6350626945495605
2626,1,0.010690450668334961
2627,1,0.608705997467041
2628,1,0.8690590858459473
2629,1,0.03270912170410156
2630,1,1.401397705078125
2631,1,0.06189441680908203
2632,1,1.3609504699707031
2633,1,0.1895122528076172
2634,1,0.44404029846191406
2635,1,0.27768898010253906
2636,1,0.26385498046875
2637,1,0.11674690246582031
2638,1,0.30590057373046875
2639,1,0.07485198974609375
2640,1,1.409322738647461
2641,1,0.054046630859375
2642,1,0.7914333343505859
2643,1,0.4210488796234131
2644,1,0.17699432373046875
2645,1,0.02411365509033203
2646,1,0.8947014808654785
2647,1,0.31389808654785156
2648,1,0.31597375869750977
2649,1,0.701793909072876
2650,1,0.08585357666015625
2651,1,0.24266338348388672
2652,1,1.2435836791992188
2653,1,0.279296875
2654,1,0.009433269500732422
2655,1,0.04975748062133789
2656,1,0.04645538330078125
2657,1,0.014563322067260742
2658,1,0.02253246307373047
2659,1,0.1794339418411255
2660,1,0.010950565338134766
2661,1,0.4001014232635498
2662,1,1.492279052734375
2663,1,1.4237110614776611
2664,1,1.2387518882751465
2665,1,0.6691043376922607
2666,1,0.33813953399658203
2667,1,1.1104848384857178
2668,1,0.6090850830078125
2669,1,0.22006559371948242
2670,1,0.1816856861114502
2671,1,0.04037463665008545
2672,1,0.4414525032043457
2673,1,1.3653368949890137
2674,1,0.05710649490356445
2675,1,0.8692853450775146
2676,1,0.21531260013580322
2677,1,0.028874635696411133
2678,1,1.351348876953125
2679,1,0.033966064453125
2680,1,0.17246627807617188
2681,1,0.9462127685546875
2682,1,0.526092529296875
2683,1,0.9399013519287109
2684,1,0.2447829246520996
2685,1,0.3476448059082031
2686,1,0.3020360469818115
2687,1,0.16180896759033203
2688,1,1.2771272659301758
2689,1,0.7965030670166016
2690,1,0.22368860244750977
2691,1,0.5445308685302734
2692,1,0.2538948059082031
2693,1,0.046941280364990234
2694,1,0.5154838562011719
2695,1,0.021586894989013672
2696,1,0.04289436340332031
2697,1,1.1486358642578125
2698,1,0.05734062194824219
2699,1,0.05011248588562012
2700,1,0.10585451126098633
2701,1,0.6017951965332031
2702,1,0.13577842712402344
2703,1,0.39437150955200195
2704,1,0.17310237884521484
2705,1,0.23703885078430176
2706,1,0.07496261596679688
2707,1,0.05773210525512695
2708,1,0.008261680603027344
2709,1,0.052790164947509766
2710,1,0.0326845645904541
2711,1,0.13587045669555664
2712,1,0.8403387069702148
2713,1,0.040956974029541016
2714,1,0.005165576934814453
2715,1,0.009654998779296875
2716,1,0.010422229766845703
2717,1,0.012325525283813477
2718,1,0.024881362915039062
2719,1,0.692145586013794
2720,1,0.006749868392944336
2721,1,2.2639126777648926
2722,1,0.0029621124267578125
2723,1,0.004688739776611328
2724,1,0.7949461936950684
2725,1,0.0030717849731445312
2726,1,0.41371774673461914
2727,1,0.011416316032409668
2728,1,0.2766251564025879
2729,1,1.5851879119873047
2730,1,0.3642839193344116
2731,1,0.08985769748687744
2732,1,0.008855104446411133
2733,1,2.1005711555480957
2734,1,0.2614099979400635
2735,1,0.004559993743896484
2736,1,0.3298180103302002
2737,1,2.0666275024414062
2738,1,0.021750450134277344
2739,1,0.28003764152526855
2740,1,0.09066104888916016
2741,1,0.11942625045776367
2742,1,0.7115751504898071
2743,1,0.9699926376342773
2744,1,0.2503013610839844
2745,1,0.034470319747924805
2746,1,0.2993614673614502
2747,1,0.8368101119995117
2748,1,1.1419100761413574
2749,1,2.370573043823242
2750,1,0.4388880729675293
2751,1,0.16541385650634766
2752,1,0.11073040962219238
2753,1,0.05265069007873535
2754,1,0.46513402462005615
2755,1,0.012684822082519531
2756,1,0.3210601806640625
2757,1,1.5703849792480469
2758,1,0.6227074861526489
2759,1,1.3687987327575684
2760,1,0.5499820709228516
2761,1,0.4564495086669922
2762,1,0.7763290405273438
2763,1,0.003289461135864258
2764,1,0.12892723083496094
2765,1,2.0433349609375
2766,1,0.006993293762207031
2767,1,0.02942204475402832
2768,1,0.17166972160339355
2769,1,0.39896631240844727
2770,1,0.49422454833984375
2771,1,0.7987358570098877
2772,1,0.13084888458251953
2773,1,0.5865859985351562
2774,1,0.04827404022216797
2775,1,1.1844139099121094
2776,1,1.0122718811035156
2777,1,1.345815658569336
2778,1,0.36420583724975586
2779,1,0.01937389373779297
2780,1,0.08760356903076172
2781,1,0.1863689422607422
2782,1,0.3784141540527344
2783,1,0.22721195220947266
2784,1,0.6090335845947266
2785,1,0.006055355072021484
2786,1,1.305715560913086
2787,1,1.5914764404296875
2788,1,0.008933544158935547
2789,1,0.015759944915771484
2790,1,0.11620163917541504
2791,1,0.26824951171875
2792,1,1.4751906394958496
2793,1,0.44362640380859375
2794,1,0.006728410720825195
2795,1,0.5735645294189453
2796,1,0.19265460968017578
2797,1,0.2854900360107422
2798,1,0.5755767822265625
2799,1,1.033111572265625
2800,1,0.8690891265869141
2801,1,0.15289688110351562
2802,1,0.19570398330688477
2803,1,0.2297513484954834
2804,1,0.3073997497558594
2805,1,0.42594456672668457
2806,1,0.1182718276977539
2807,1,0.04442119598388672
2808,1,0.1443314552307129
2809,1,0.7831146717071533
2810,1,0.06728172302246094
2811,1,0.3063335418701172
2812,1,0.1870121955871582
2813,1,0.1081089973449707
2814,1,0.0281524658203125
2815,1,0.20784378051757812
2816,1,0.23456573486328125
2817,1,0.2053685188293457
2818,1,0.06156611442565918
2819,1,0.06369602680206299
2820,1,0.8600082397460938
2821,1,0.46596765518188477
2822,1,0.06885099411010742
2823,1,1.7882311344146729
2824,1,0.06522595882415771
2825,1,1.479583740234375
2826,1,0.12988710403442383
2827,1,0.38625240325927734
2828,1,0.016122817993164062
2829,1,1.494081735610962
2830,1,0.009987831115722656
2831,1,0.7177410125732422
2832,1,2.0030837059020996
2833,1,0.70343017578125
2834,1,0.8854732513427734
2835,1,0.6058454513549805
2836,1,0.0501861572265625
2837,1,0.49778318405151367
2838,1,0.3455667495727539
2839,1,0.029565811157226562
2840,1,0.09975957870483398
2841,1,1.6638128757476807
2842,1,1.0981683731079102
2843,1,0.11807584762573242
2844,1,0.5523319244384766
2845,1,0.026950836181640625
2846,1,0.03341865539550781
2847,1,0.5943508148193359
2848,1,0.0038156509399414062
2849,1,0.39174556732177734
2850,1,0.9592351913452148
2851,1,0.722419261932373
2852,1,0.1619582176208496
2853,1,0.011063814163208008
2854,1,0.1633005142211914
2855,1,0.0071468353271484375
2856,1,0.13142728805541992
2857,1,0.10201168060302734
2858,1,0.5245225429534912
2859,1,0.009822368621826172
2860,1,0.025773048400878906
2861,1,0.0686197280883789
2862,1,0.21404528617858887
2863,1,0.5668182373046875
2864,1,0.01827239990234375
2865,1,0.1526508331298828
2866,1,0.12438225746154785
2867,1,0.5720853805541992
2868,1,0.061206817626953125
2869,1,1.961073875427246
2870,1,0.04128599166870117
2871,1,0.6383492946624756
2872,1,0.003188610076904297
2873,1,0.5739116668701172
2874,1,0.37679481506347656
2875,1,1.0580596923828125
2876,1,0.7318716049194336
2877,1,0.21738946437835693
2878,1,0.08716392517089844
2879,1,0.007960200309753418
2880,1,1.2789578437805176
2881,1,0.4108896255493164
2882,1,0.022189617156982422
2883,1,0.015559196472167969
2884,1,0.4994926452636719
2885,1,0.016508936882019043
2886,1,0.7001395225524902
2887,1,1.216834545135498
2888,1,0.033776044845581055
2889,1,0.6821675300598145
2890,1,0.003940582275390625
2891,1,1.1698088645935059
2892,1,0.20246410369873047
2893,1,1.6377506256103516
2894,1,0.11073958873748779
2895,1,1.7057476043701172
2896,1,0.003475189208984375
2897,1,1.5151681900024414
2898,1,0.7287397384643555
2899,1,0.11354684829711914
2900,1,1.2302417755126953
2901,1,0.0073089599609375
2902,1,0.8188538551330566
2903,1,0.4876251220703125
2904,1,0.035774946212768555
2905,1,0.5946254730224609
2906,1,1.6618402004241943
2907,1,0.6601758003234863
2908,1,0.07498693466186523
2909,1,0.03877544403076172
2910,1,1.675142765045166
2911,1,1.362966537475586
2912,1,0.007979869842529297
2913,1,0.061514854431152344
2914,1,0.9078216552734375
2915,1,0.007470130920410156
2916,1,0.052736520767211914
2917,1,0.5412631034851074
2918,1,0.15588665008544922
2919,1,0.008645057678222656
2920,1,0.002744317054748535
2921,1,0.5775103569030762
2922,1,0.05823993682861328
2923,1,0.3034658432006836
2924,1,0.787353515625
2925,1,1.3277482986450195
2926,1,1.271043062210083
2927,1,0.211395263671875
2928,1,0.45797157287597656
2929,1,0.15344715118408203
2930,1,0.00830531120300293
2931,1,0.21249151229858398
2932,1,0.7056164741516113
2933,1,0.07706069946289062
2934,1,0.07082843780517578
2935,1,0.43280792236328125
2936,1,1.0607805252075195
2937,1,0.10680031776428223
2938,1,0.05570030212402344
2939,1,0.3747243881225586
2940,1,0.7909669876098633
2941,1,1.6973609924316406
2942,1,1.0411338806152344
2943,1,0.3569679260253906
2944,1,0.20963168144226074
2945,1,0.9254112243652344
2946,1,0.8094117641448975
2947,1,0.07013821601867676
2948,1,0.763641357421875
2949,1,0.06452608108520508
2950,1,0.014275550842285156
2951,1,0.12244677543640137
2952,1,0.1854252815246582
2953,1,0.7693541049957275
2954,1,1.415611743927002
2955,1,0.09115362167358398
2956,1,0.8767986297607422
2957,1,0.0367274284362793
2958,1,1.0374870300292969
2959,1,0.11536455154418945
2960,1,0.10970735549926758
2961,1,0.137786865234375
2962,1,1.1850414276123047
2963,1,1.2910470962524414
2964,1,0.5372309684753418
2965,1,0.02893686294555664
2966,1,0.0064334869384765625
2967,1,0.04815959930419922
2968,1,0.7039635181427002
2969,1,1.7970619201660156
2970,1,0.1034393310546875
2971,1,0.18548870086669922
2972,1,0.09286046028137207
2973,1,0.09863424301147461
2974,1,0.25507044792175293
2975,1,1.0926570892333984
2976,1,0.022980213165283203
2977,1,1.1105930805206299
2978,1,0.5978927612304688
2979,1,1.8314247131347656
2980,1,0.7324419021606445
2981,1,1.0874409675598145
2982,1,1.3133022785186768
2983,1,0.030257701873779297
2984,1,0.028263568878173828
2985,1,0.023199081420898438
2986,1,0.44046974182128906
2987,1,0.011722564697265625
2988,1,0.011276721954345703
2989,1,0.051306962966918945
2990,1,0.8427643775939941
2991,1,0.07452392578125
2992,1,0.005039215087890625
2993,1,0.037567138671875
2994,1,0.8495967388153076
2995,1,0.015179157257080078
2996,1,0.6719133853912354
2997,1,0.013929367065429688
2998,1,0.009265899658203125
2999,1,0.03955888748168945
3000,1,0.423642635345459
3001,1,1.496006965637207
3002,1,0.0794534683227539
3003,1,0.9990646839141846
3004,1,0.09352827072143555
3005,1,0.8336009979248047
3006,1,0.8159055709838867
3007,1,0.04416704177856445
3008,1,0.1627063751220703
3009,1,0.010625839233398438
3010,1,0.03811192512512207
3011,1,0.5689854621887207
3012,1,0.8455390930175781
3013,1,0.13336539268493652
3014,1,1.2420544624328613
3015,1,0.2934694290161133
3016,1,0.6156463623046875
3017,1,0.33905506134033203
3018,1,0.9154435396194458
3019,1,0.010910987854003906
3020,1,0.00937342643737793
3021,1,0.36826324462890625
3022,1,0.040836334228515625
3023,1,0.10901641845703125
3024,1,0.049490928649902344
3025,1,0.023472309112548828
3026,1,0.3304176330566406
3027,1,0.4657188653945923
3028,1,0.10129427909851074
3029,1,0.021221637725830078
3030,1,0.001806020736694336
3031,1,0.012554645538330078
3032,1,2.227670669555664
3033,1,0.016991853713989258
3034,1,0.7528402805328369
3035,1,0.27104854583740234
3036,1,1.0233299732208252
3037,1,0.0007728338241577148
3038,1,0.002611875534057617
3039,1,0.2230510711669922
3040,1,1.141252040863037
3041,1,0.0538637638092041
3042,1,0.07087540626525879
3043,1,0.6812686920166016
3044,1,0.7767338752746582
3045,1,0.1767430305480957
3046,1,0.9520373344421387
3047,1,0.08857667446136475
3048,1,0.5598976612091064
3049,1,0.22243499755859375
3050,1,0.7312009334564209
3051,1,0.02318859100341797
3052,1,2.016662120819092
3053,1,0.0018385648727416992
3054,1,0.0027282238006591797
3055,1,0.11870861053466797
3056,1,1.0740270614624023
3057,1,0.1024332046508789
3058,1,1.7962493896484375
3059,1,0.017451047897338867
3060,1,0.002046823501586914
3061,1,0.0025397539138793945
3062,1,0.10713934898376465
3063,1,0.46726226806640625
3064,1,1.5498237609863281
3065,1,0.006159067153930664
3066,1,0.02092266082763672
3067,1,0.08735132217407227
3068,1,0.12027835845947266
3069,1,0.3224228620529175
3070,1,1.7183088064193726
3071,1,0.01990199089050293
3072,1,1.088456153869629
3073,1,0.8986400365829468
3074,1,0.003233194351196289
3075,1,1.0823335647583008
3076,1,0.2592506408691406
3077,1,0.08910620212554932
3078,1,0.0220947265625
3079,1,0.003210306167602539
3080,1,1.0736510753631592
3081,1,0.04363524913787842
3082,1,0.8936796188354492
3083,1,0.5892448425292969
3084,1,0.6795411109924316
3085,1,0.004404544830322266
3086,1,0.0034058094024658203
3087,1,0.9273300170898438
3088,1,1.8199172019958496
3089,1,0.471493124961853
3090,1,1.7761421203613281
3091,1,0.10685944557189941
3092,1,0.7716860771179199
3093,1,1.1442556381225586
3094,1,0.004849910736083984
3095,1,1.0183143615722656
3096,1,0.2754993438720703
3097,1,0.210205078125
3098,1,0.038567543029785156
3099,1,0.17516851425170898
3100,1,0.34442758560180664
3101,1,0.6521644592285156
3102,1,0.27679443359375
3103,1,0.3401353359222412
3104,1,0.5513272285461426
3105,1,0.9606304168701172
3106,1,0.14649081230163574
3107,1,0.05355501174926758
3108,1,1.188840627670288
3109,1,0.10904312133789062
3110,1,0.006409168243408203
3111,1,1.8873519897460938
3112,1,0.09352469444274902
3113,1,0.7220306396484375
3114,1,0.5748155117034912
3115,1,0.4313678741455078
3116,1,0.014925956726074219
3117,1,0.2450275421142578
3118,1,0.294586181640625
3119,1,1.1107523441314697
3120,1,0.011558055877685547
3121,1,0.029273271560668945
3122,1,0.5564022064208984
3123,1,0.7389688491821289
3124,1,0.4502696990966797
3125,1,0.0770578384399414
3126,1,0.03865957260131836
3127,1,0.8672904968261719
3128,1,0.0308990478515625
3129,1,0.7894792556762695
3130,1,0.127105712890625
3131,1,0.5815980434417725
3132,1,0.02576303482055664
3133,1,0.016808509826660156
3134,1,0.01326441764831543
3135,1,0.1321241855621338
3136,1,0.6902650594711304
3137,1,0.40206146240234375
3138,1,0.022117137908935547
3139,1,0.6579651832580566
3140,1,0.4098243713378906
3141,1,0.009993553161621094
3142,1,1.1407012939453125
3143,1,0.010067939758300781
3144,1,0.011568069458007812
3145,1,0.646953821182251
3146,1,0.18332862854003906
3147,1,0.5972061157226562
3148,1,1.3580052852630615
3149,1,0.003919482231140137
3150,1,0.15048980712890625
3151,1,0.9834661483764648
3152,1,0.6695470809936523
3153,1,0.4313669204711914
3154,1,0.1880195140838623
3155,1,0.4716911315917969
3156,1,0.03404879570007324
3157,1,0.1615610122680664
3158,1,0.1585090160369873
3159,1,0.3570671081542969
3160,1,0.0013041496276855469
3161,1,0.0072247982025146484
3162,1,0.30371642112731934
3163,1,0.5989532470703125
3164,1,0.01236414909362793
3165,1,0.19938230514526367
3166,1,0.08555054664611816
3167,1,0.3903660774230957
3168,1,0.007570743560791016
3169,1,0.44695281982421875
3170,1,0.9276607036590576
3171,1,1.5032367706298828
3172,1,0.9480288028717041
3173,1,0.015749454498291016
3174,1,0.46900272369384766
3175,1,0.06839108467102051
3176,1,0.4239768981933594
3177,1,0.08935117721557617
3178,1,0.9628143310546875
3179,1,0.013486862182617188
3180,1,0.13672113418579102
3181,1,0.509185791015625
3182,1,1.0933237075805664
3183,1,0.0233767032623291
3184,1,0.07939910888671875
3185,1,1.59175443649292
3186,1,0.19920969009399414
3187,1,0.1579834222793579
3188,1,0.026583194732666016
3189,1,1.2117767333984375
3190,1,0.003535032272338867
3191,1,0.05778169631958008
3192,1,1.08412504196167
3193,1,0.0056324005126953125
3194,1,0.34221386909484863
3195,1,0.1049966812133789
3196,1,0.0206756591796875
3197,1,0.007136344909667969
3198,1,0.7206907272338867
3199,1,0.03537708520889282
3200,1,0.26119089126586914
3201,1,0.9079670906066895
3202,1,0.2955765724182129
3203,1,0.6423969268798828
3204,1,0.119354248046875
3205,1,1.8918626308441162
3206,1,0.08739006519317627
3207,1,0.15441441535949707
3208,1,0.0042572021484375
3209,1,0.2338542938232422
3210,1,0.6312646865844727
3211,1,0.008891582489013672
3212,1,0.18073689937591553
3213,1,0.73199462890625
3214,1,0.002384662628173828
3215,1,0.2513601779937744
3216,1,0.022487878799438477
3217,1,0.8389906883239746
3218,1,0.309722900390625
3219,1,0.8371200561523438
3220,1,0.63470458984375
3221,1,0.3012709617614746
3222,1,0.1260700225830078
3223,1,0.009129524230957031
3224,1,0.12139534950256348
3225,1,0.18392658233642578
3226,1,0.7498817443847656
3227,1,0.08098173141479492
3228,1,0.1504802703857422
3229,1,0.04825639724731445
3230,1,0.008836865425109863
3231,1,0.10025691986083984
3232,1,0.5994100570678711
3233,1,0.020888566970825195
3234,1,0.011654853820800781
3235,1,0.046063780784606934
3236,1,0.5526270866394043
3237,1,0.004085063934326172
3238,1,0.17651891708374023
3239,1,0.0075778961181640625
3240,1,0.4008103609085083
3241,1,0.004557609558105469
3242,1,0.2203884720802307
3243,1,2.0689830780029297
3244,1,0.0015238523483276367
3245,1,0.013573408126831055
3246,1,0.08988833427429199
3247,1,0.000978708267211914
3248,1,1.2704744338989258
3249,1,0.012798309326171875
3250,1,0.00803840160369873
3251,1,0.6564188003540039
3252,1,0.6810237169265747
3253,1,0.7820922136306763
3254,1,0.0036653876304626465
3255,1,0.0019752979278564453
3256,1,0.3802495002746582
3257,1,0.0012105703353881836
3258,1,1.2245417833328247
3259,1,0.04829561710357666
3260,1,0.07638037204742432
3261,1,2.0716981887817383
3262,1,1.8851356506347656
3263,1,0.48518896102905273
3264,1,0.2435246706008911
3265,1,0.07294178009033203
3266,1,0.018497705459594727
3267,1,0.21986043453216553
3268,1,0.6287088394165039
3269,1,1.0483856201171875
3270,1,0.7397687435150146
3271,1,0.08496201038360596
3272,1,1.2051810026168823
3273,1,0.03248906135559082
3274,1,0.4969520568847656
3275,1,0.21767139434814453
3276,1,0.003306865692138672
3277,1,2.273960828781128
3278,1,0.19223451614379883
3279,1,0.4276653528213501
3280,1,0.06902837753295898
3281,1,0.18277406692504883
3282,1,0.5744678974151611
3283,1,0.42497777938842773
3284,1,0.6029906272888184
3285,1,0.3645439147949219
3286,1,1.5078895092010498
3287,1,0.32197093963623047
3288,1,0.5006217956542969
3289,1,0.27769994735717773
3290,1,0.08978080749511719
3291,1,0.4946861267089844
3292,1,0.0072650909423828125
3293,1,0.5618953704833984
3294,1,0.7834901809692383
3295,1,0.6262350082397461
3296,1,1.582840919494629
3297,1,0.07133007049560547
3298,1,0.0448915958404541
3299,1,0.1489267349243164
3300,1,0.1330718994140625
3301,1,0.4655914306640625
3302,1,0.27208638191223145
3303,1,0.4864168167114258
3304,1,0.17651987075805664
3305,1,0.11678588390350342
3306,1,0.385015606880188
3307,1,0.12942969799041748
3308,1,0.4047060012817383
3309,1,0.8519153594970703
3310,1,0.37219667434692383
3311,1,0.33681535720825195
3312,1,0.0039250850677490234
3313,1,0.020232200622558594
3314,1,0.41782379150390625
3315,1,0.02454233169555664
3316,1,0.09784913063049316
3317,1,0.0019911527633666992
3318,1,0.5371158123016357
3319,1,0.5495681762695312
3320,1,0.005716919898986816
3321,1,0.5027003288269043
3322,1,0.28696513175964355
3323,1,0.20291996002197266
3324,1,0.008762836456298828
3325,1,0.08950018882751465
3326,1,2.674515724182129
3327,1,0.01926100254058838
3328,1,0.29517555236816406
3329,1,0.03947639465332031
3330,1,0.08441293239593506
3331,1,0.9279468059539795
3332,1,0.21009010076522827
3333,1,0.0537877082824707
3334,1,0.44113075733184814
3335,1,0.12628936767578125
3336,1,0.16569876670837402
3337,1,0.046654701232910156
3338,1,0.0130845308303833
3339,1,0.002879023551940918
3340,1,0.4818706512451172
3341,1,0.14334583282470703
3342,1,0.07242858409881592
3343,1,0.0077991485595703125
3344,1,0.3112974166870117
3345,1,0.020518064498901367
3346,1,0.04313087463378906
3347,1,0.5339586734771729
3348,1,0.6530364751815796
3349,1,0.5184454917907715
3350,1,0.011034250259399414
3351,1,0.024454116821289062
3352,1,0.14668536186218262
3353,1,0.0012584328651428223
3354,1,1.4747825860977173
3355,1,0.5160247087478638
3356,1,0.314688503742218
3357,1,1.5696262121200562
3358,1,0.013645172119140625
3359,1,0.0019392967224121094
3360,1,1.1470005512237549
3361,1,0.3997502326965332
3362,1,1.4262869358062744
3363,1,0.6587796211242676
3364,1,1.2303810119628906
3365,1,0.7499139308929443
3366,1,0.6102699041366577
3367,1,0.3505541682243347
3368,1,0.02815866470336914
3369,1,0.09531879425048828
3370,1,1.409574270248413
3371,1,1.7400221824645996
3372,1,0.004239082336425781
3373,1,0.0496898889541626
3374,1,0.4581928253173828
3375,1,0.08498573303222656
3376,1,0.6999082565307617
3377,1,0.5212802886962891
3378,1,1.4455797672271729
3379,1,0.7785525321960449
3380,1,1.3532118797302246
3381,1,0.04292130470275879
3382,1,0.5520439147949219
3383,1,0.7776358127593994
3384,1,1.674835205078125
3385,1,1.575042724609375
3386,1,0.05618095397949219
3387,1,0.006776213645935059
3388,1,0.020823240280151367
3389,1,0.7956569194793701
3390,1,0.5828909873962402
3391,1,0.08701539039611816
3392,1,0.006937503814697266
3393,1,1.0699739456176758
3394,1,0.027070999145507812
3395,1,0.0018682479858398438
3396,1,0.10283172130584717
3397,1,1.2713680267333984
3398,1,0.003498554229736328
3399,1,0.37855076789855957
3400,1,0.023223519325256348
3401,1,0.026035785675048828
3402,1,0.6138120889663696
3403,1,0.5563094615936279
3404,1,0.02404475212097168
3405,1,0.016433238983154297
3406,1,0.270566463470459
3407,1,0.3341999053955078
3408,1,0.23664581775665283
3409,1,0.04959261417388916
3410,1,0.21050238609313965
3411,1,0.010420799255371094
3412,1,0.006576061248779297
3413,1,0.06189918518066406
3414,1,0.8439533710479736
3415,1,0.13946771621704102
3416,1,2.089221477508545
3417,1,1.7940423488616943
3418,1,0.006109118461608887
3419,1,1.0691652297973633
3420,1,0.0037178993225097656
3421,1,0.02282702922821045
3422,1,0.048238277435302734
3423,1,0.690558910369873
3424,1,0.7976493835449219
3425,1,0.16981029510498047
3426,1,0.8139817714691162
3427,1,0.15719962120056152
3428,1,0.2891739010810852
3429,1,0.9620606899261475
3430,1,0.023174762725830078
3431,1,0.5809040069580078
3432,1,1.7827787399291992
3433,1,0.011948943138122559
3434,1,0.1973191499710083
3435,1,0.0015292167663574219
3436,1,0.0714120864868164
3437,1,0.09195566177368164
3438,1,1.2907516956329346
3439,1,0.7899093627929688
3440,1,0.004654526710510254
3441,1,0.41568422317504883
3442,1,1.8114070892333984
3443,1,2.543569564819336
3444,1,0.019893169403076172
3445,1,0.012651205062866211
3446,1,0.47103333473205566
3447,1,0.1560659408569336
3448,1,1.4779853820800781
3449,1,0.026163578033447266
3450,1,0.016372203826904297
3451,1,0.004671931266784668
3452,1,0.14944934844970703
3453,1,0.09559345245361328
3454,1,0.0039038658142089844
3455,1,1.7973706722259521
3456,1,0.269420862197876
3457,1,0.806544303894043
3458,1,0.011828422546386719
3459,1,0.002370476722717285
3460,1,1.0393261909484863
3461,1,2.2321720123291016
3462,1,0.07501363754272461
3463,1,1.7399711608886719
3464,1,0.009486675262451172
3465,1,0.08695495128631592
3466,1,0.056975364685058594
3467,1,0.004328012466430664
3468,1,1.0375502109527588
3469,1,0.3924238681793213
3470,1,0.4148736000061035
3471,1,0.02136373519897461
3472,1,0.8084144592285156
3473,1,0.010868549346923828
3474,1,0.2217869758605957
3475,1,0.10967159271240234
3476,1,0.006283760070800781
3477,1,0.005713105201721191
3478,1,0.28945088386535645
3479,1,0.621554970741272
3480,1,1.4069137573242188
3481,1,0.0067102909088134766
3482,1,0.028832674026489258
3483,1,0.1465153694152832
3484,1,0.6059503555297852
3485,1,0.8545191287994385
3486,1,0.3232682943344116
3487,1,0.08266019821166992
3488,1,0.46172189712524414
3489,1,1.7041418552398682
3490,1,0.8554749488830566
3491,1,0.34590673446655273
3492,1,0.0428462028503418
3493,1,0.6623544692993164
3494,1,0.042362213134765625
3495,1,1.1794776916503906
3496,1,0.5208072662353516
3497,1,0.010504841804504395
3498,1,0.04213917255401611
3499,1,0.13365554809570312
3500,1,0.2058393955230713
3501,1,0.5538992881774902
3502,1,1.6827802658081055
3503,1,0.3622252941131592
3504,1,0.12016773223876953
3505,1,2.0309996604919434
3506,1,0.5177879333496094
3507,1,0.6739692687988281
3508,1,0.8610814809799194
3509,1,0.17624211311340332
3510,1,0.5128707885742188
3511,1,0.03789043426513672
3512,1,0.8707516193389893
3513,1,0.7254562377929688
3514,1,0.020050048828125
3515,1,0.029943466186523438
3516,1,0.9583339691162109
3517,1,0.034832000732421875
3518,1,1.1883958578109741
3519,1,1.5472129583358765
3520,1,0.8434906005859375
3521,1,1.3079392910003662
3522,1,1.8681278228759766
3523,1,1.243730068206787
3524,1,0.02515411376953125
3525,1,0.009042501449584961
3526,1,0.05368304252624512
3527,1,0.03634166717529297
3528,1,0.022859573364257812
3529,1,0.005385875701904297
3530,1,0.0049277544021606445
3531,1,0.124053955078125
3532,1,0.6375283002853394
3533,1,0.013573169708251953
3534,1,0.035923004150390625
3535,1,0.21907556056976318
3536,1,0.49042510986328125
3537,1,0.0022242069244384766
3538,1,0.0038084983825683594
3539,1,0.006885170936584473
3540,1,0.6855195760726929
3541,1,0.880246639251709
3542,1,0.025330424308776855
3543,1,0.004025936126708984
3544,1,3.2863364219665527
3545,1,0.9097105264663696
3546,1,0.23182427883148193
3547,1,0.006574392318725586
3548,1,0.877204179763794
3549,1,0.0217134952545166
3550,1,1.5703580379486084
3551,1,0.4828319549560547
3552,1,0.01821613311767578
3553,1,0.0033344030380249023
3554,1,0.8962328433990479
3555,1,0.0027129054069519043
3556,1,0.030636191368103027
3557,1,0.2201317548751831
3558,1,1.4268591403961182
3559,1,0.8095138072967529
3560,1,3.30224609375
3561,1,0.016382217407226562
3562,1,0.17851567268371582
3563,1,0.0757451057434082
3564,1,1.2081243991851807
3565,1,1.355540156364441
3566,1,0.02822744846343994
3567,1,0.0013796091079711914
3568,1,0.13862323760986328
3569,1,0.49078667163848877
3570,1,0.010908365249633789
3571,1,0.18736910820007324
3572,1,0.22909104824066162
3573,1,0.002277970314025879
3574,1,0.8983995914459229
3575,1,0.993452787399292
3576,1,0.021442413330078125
3577,1,0.09169113636016846
3578,1,0.0015561580657958984
3579,1,0.6132800579071045
3580,1,2.3665771484375
3581,1,1.2391974925994873
3582,1,0.0022840499877929688
3583,1,1.3975390195846558
3584,1,1.2782258987426758
3585,1,0.6586623191833496
3586,1,0.018068552017211914
3587,1,0.42559146881103516
3588,1,0.7152113914489746
3589,1,1.127889633178711
3590,1,0.04013824462890625
3591,1,0.2915382385253906
3592,1,2.284820556640625
3593,1,1.025766372680664
3594,1,0.27124476432800293
3595,1,0.07754015922546387
3596,1,0.4389152526855469
3597,1,0.013464927673339844
3598,1,1.036607265472412
3599,1,1.975189208984375
3600,1,0.28754281997680664
3601,1,0.08503055572509766
3602,1,0.09244370460510254
3603,1,0.6804094314575195
3604,1,0.025960922241210938
3605,1,0.8739547729492188
3606,1,0.43754100799560547
3607,1,0.40224456787109375
3608,1,0.5764286518096924
3609,1,0.7920055389404297
3610,1,0.013870954513549805
3611,1,0.026535511016845703
3612,1,1.3747286796569824
3613,1,0.49065494537353516
3614,1,0.6872596740722656
3615,1,0.012370109558105469
3616,1,0.01280975341796875
3617,1,0.2710723876953125
3618,1,0.7294888496398926
3619,1,0.12000751495361328
3620,1,0.010759353637695312
3621,1,0.028818130493164062
3622,1,0.02156829833984375
3623,1,0.005820512771606445
3624,1,0.12444591522216797
3625,1,0.0035202503204345703
3626,1,0.20906829833984375
3627,1,0.02628326416015625
3628,1,0.15857911109924316
3629,1,0.9641227722167969
3630,1,0.4736175537109375
3631,1,0.3026261329650879
3632,1,0.010568618774414062
3633,1,0.018880128860473633
3634,1,0.002665281295776367
3635,1,0.03542757034301758
3636,1,0.9577069282531738
3637,1,0.055126190185546875
3638,1,1.9773225784301758
3639,1,0.002117156982421875
3640,1,0.007681369781494141
3641,1,0.003652334213256836
3642,1,0.005930185317993164
3643,1,1.3805341720581055
3644,1,0.1381462812423706
3645,1,0.0031728744506835938
3646,1,0.43168771266937256
3647,1,0.043569087982177734
3648,1,0.09428095817565918
3649,1,1.2901426553726196
3650,1,0.35695433616638184
3651,1,0.005310356616973877
3652,1,0.004787445068359375
3653,1,0.007100820541381836
3654,1,0.2396223545074463
3655,1,1.008641004562378
3656,1,0.056081295013427734
3657,1,0.001597762107849121
3658,1,0.0009622573852539062
3659,1,0.1175234317779541
3660,1,1.3361196517944336
3661,1,0.013563394546508789
3662,1,0.10666847229003906
3663,1,0.08648133277893066
3664,1,0.12224102020263672
3665,1,0.0010452866554260254
3666,1,0.044907331466674805
3667,1,0.022308290004730225
3668,1,1.2136873006820679
3669,1,0.4532475471496582
3670,1,0.024652957916259766
3671,1,0.0019811391830444336
3672,1,0.005904793739318848
3673,1,0.0020586252212524414
3674,1,0.009309768676757812
3675,1,2.294522285461426
3676,1,0.43175482749938965
3677,1,0.7783396244049072
3678,1,0.06586003303527832
3679,1,0.08753371238708496
3680,1,0.010973095893859863
3681,1,0.000714719295501709
3682,1,0.13856470584869385
3683,1,1.064361572265625
3684,1,0.44033288955688477
3685,1,0.12370836734771729
3686,1,0.0037261247634887695
3687,1,1.2597997188568115
3688,1,0.0027799606323242188
3689,1,0.06060588359832764
3690,1,0.09492158889770508
3691,1,0.003919124603271484
3692,1,0.029608309268951416
3693,1,0.045565128326416016
3694,1,0.0020380020141601562
3695,1,0.018520355224609375
3696,1,0.09087657928466797
3697,1,0.02331984043121338
3698,1,0.001057744026184082
3699,1,1.8859481811523438
3700,1,0.0024063587188720703
3701,1,0.8200856447219849
3702,1,0.038852572441101074
3703,1,0.01530367136001587
3704,1,0.7351179122924805
3705,1,0.0065114498138427734
3706,1,0.6898674368858337
3707,1,0.5851747989654541
3708,1,1.1425220966339111
3709,1,0.5052198171615601
3710,1,0.003817915916442871
3711,1,0.0008881688117980957
3712,1,2.269160509109497
3713,1,0.004083395004272461
3714,1,0.007709503173828125
3715,1,0.6937777996063232
3716,1,1.3470852375030518
3717,1,1.5320346355438232
3718,1,0.40883922576904297
3719,1,1.3226741552352905
3720,1,0.014570355415344238
3721,1,0.0014088153839111328
3722,1,1.4521098136901855
3723,1,0.002585768699645996
3724,1,0.002057373523712158
3725,1,0.0398406982421875
3726,1,0.018039703369140625
3727,1,0.8714073300361633
3728,1,0.2453000545501709
3729,1,0.7927331924438477
3730,1,0.15617060661315918
3731,1,0.48804426193237305
3732,1,0.007214546203613281
3733,1,0.028007984161376953
3734,1,1.0400981903076172
3735,1,0.6273248195648193
3736,1,1.7867088317871094
3737,1,0.05941581726074219
3738,1,0.0018739104270935059
3739,1,0.2498931884765625
3740,1,0.01572895050048828
3741,1,0.036989450454711914
3742,1,0.7916162014007568
3743,1,1.3824996948242188
3744,1,0.0038329362869262695
3745,1,1.5024840831756592
3746,1,0.00666356086730957
3747,1,0.4838123321533203
3748,1,0.012763261795043945
3749,1,0.004046082496643066
3750,1,0.05996406078338623
3751,1,0.0023006200790405273
3752,1,0.006398320198059082
3753,1,0.01616072654724121
3754,1,1.945080280303955
3755,1,1.1725804805755615
3756,1,1.3214601278305054
3757,1,1.3766939640045166
3758,1,0.301052987575531
3759,1,0.005051255226135254
3760,1,0.11960756778717041
3761,1,0.017567157745361328
3762,1,1.2993615865707397
3763,1,0.1523369550704956
3764,1,1.2003488540649414
3765,1,0.003242969512939453
3766,1,0.7892007827758789
3767,1,0.007405519485473633
3768,1,0.47451627254486084
3769,1,0.031000137329101562
3770,1,0.14558029174804688
3771,1,0.022503376007080078
3772,1,0.8252372741699219
3773,1,2.1770401000976562
3774,1,0.24359130859375
3775,1,0.004216909408569336
3776,1,0.31367969512939453
3777,1,1.0854549407958984
3778,1,0.032942771911621094
3779,1,0.11774063110351562
3780,1,0.323516845703125
3781,1,1.5122976303100586
3782,1,1.6891138553619385
3783,1,0.062387704849243164
3784,1,0.3110179901123047
3785,1,1.2418498992919922
3786,1,0.01045536994934082
3787,1,0.10184097290039062
3788,1,0.012081146240234375
3789,1,1.1240978240966797
3790,1,0.854311466217041
3791,1,0.08353447914123535
3792,1,0.01241159439086914
3793,1,0.036579132080078125
3794,1,0.20873641967773438
3795,1,0.8536834716796875
3796,1,0.05753123760223389
3797,1,0.5683808326721191
3798,1,1.128298282623291
3799,1,0.023549437522888184
3800,1,1.6677589416503906
3801,1,0.34407997131347656
3802,1,0.04512977600097656
3803,1,1.0290412902832031
3804,1,0.014759063720703125
3805,1,0.08681201934814453
3806,1,0.24356365203857422
3807,1,0.018824338912963867
3808,1,0.004021644592285156
3809,1,0.3325939178466797
3810,1,0.0040056705474853516
3811,1,0.7014651298522949
3812,1,0.02644658088684082
3813,1,0.7365918159484863
3814,1,0.011504650115966797
3815,1,0.34401845932006836
3816,1,0.7362303733825684
3817,1,0.3875620365142822
3818,1,0.9292275905609131
3819,1,0.1011495590209961
3820,1,0.4602346420288086
3821,1,0.00882720947265625
3822,1,0.012877225875854492
3823,1,0.5043673515319824
3824,1,1.1736440658569336
3825,1,0.013463020324707031
3826,1,0.9548373222351074
3827,1,0.43048524856567383
3828,1,1.4340782165527344
3829,1,0.029092788696289062
3830,1,0.008148670196533203
3831,1,0.01444101333618164
3832,1,0.14410018920898438
3833,1,1.6055755615234375
3834,1,0.6259610652923584
3835,1,0.011354446411132812
3836,1,0.0049343109130859375
3837,1,0.04882240295410156
3838,1,0.133636474609375
3839,1,0.9223403930664062
3840,1,1.5850205421447754
3841,1,0.10992670059204102
3842,1,0.9147429466247559
3843,1,2.071850299835205
3844,1,0.7708072662353516
3845,1,0.01734185218811035
3846,1,1.3085222244262695
3847,1,0.01089024543762207
3848,1,1.2666265964508057
3849,1,0.5794219970703125
3850,1,0.005132198333740234
3851,1,0.23279571533203125
3852,1,0.00854349136352539
3853,1,0.7164764404296875
3854,1,0.8317999839782715
3855,1,0.033405303955078125
3856,1,0.139923095703125
3857,1,0.07867050170898438
3858,1,0.38287353515625
3859,1,1.300400733947754
3860,1,0.5479912757873535
3861,1,0.0040171146392822266
3862,1,1.353388786315918
3863,1,1.4155166149139404
3864,1,0.7296867370605469
3865,1,0.009053230285644531
3866,1,0.5474014282226562
3867,1,1.5410633087158203
3868,1,0.04980182647705078
3869,1,0.10970783233642578
3870,1,0.0621795654296875
3871,1,0.573394775390625
3872,1,0.0405423641204834
3873,1,0.6436843872070312
3874,1,0.64178466796875
3875,1,0.4929933547973633
3876,1,0.7685589790344238
3877,1,0.10870742797851562
3878,1,0.011681556701660156
3879,1,0.42081451416015625
3880,1,0.145219087600708
3881,1,0.4541654586791992
3882,1,0.0883936882019043
3883,1,0.4051628112792969
3884,1,0.08793878555297852
3885,1,0.47441530227661133
3886,1,0.2442474365234375
3887,1,0.611079216003418
3888,1,0.08734846115112305
3889,1,0.009525537490844727
3890,1,0.1950373649597168
3891,1,0.7520389556884766
3892,1,0.34261322021484375
3893,1,0.019154071807861328
3894,1,0.3247852325439453
3895,1,0.5612947940826416
3896,1,0.018930435180664062
3897,1,0.21407222747802734
3898,1,0.013135433197021484
3899,1,0.011272430419921875
3900,1,0.04760599136352539
3901,1,0.15569829940795898
3902,1,0.007050871849060059
3903,1,0.015655875205993652
3904,1,0.14613676071166992
3905,1,1.493234634399414
3906,1,0.014868736267089844
3907,1,1.9680709838867188
3908,1,0.584263801574707
3909,1,0.5095396041870117
3910,1,0.9963722229003906
3911,1,0.26022231578826904
3912,1,0.03551745414733887
3913,1,1.4022865295410156
3914,1,0.006147503852844238
3915,1,1.761843204498291
3916,1,0.8022661209106445
3917,1,0.6551034450531006
3918,1,0.9861280918121338
3919,1,0.12221205234527588
3920,1,0.008577346801757812
3921,1,0.5476951599121094
3922,1,0.5080301761627197
3923,1,0.3493835926055908
3924,1,0.4666748046875
3925,1,0.1425468921661377
3926,1,0.009116291999816895
3927,1,0.21577835083007812
3928,1,0.556785523891449
3929,1,0.3741287589073181
3930,1,0.08765745162963867
3931,1,0.02870655059814453
3932,1,0.14321529865264893
3933,1,0.03575634956359863
3934,1,0.13111984729766846
3935,1,0.6728286743164062
3936,1,0.09010124206542969
3937,1,0.970067024230957
3938,1,0.15519893169403076
3939,1,0.012829780578613281
3940,1,0.0271608829498291
3941,1,0.0018310546875
3942,1,0.14423513412475586
3943,1,0.8869885206222534
3944,1,0.05371898412704468
3945,1,0.9614349603652954
3946,1,0.2808253765106201
3947,1,0.0016210675239562988
3948,1,0.7518719434738159
3949,1,1.409705400466919
3950,1,0.044759154319763184
3951,1,0.17197078466415405
3952,1,0.0005513429641723633
3953,1,2.3579697608947754
3954,1,0.0017451047897338867
3955,1,0.013845324516296387
3956,1,0.047585368156433105
3957,1,0.5262580513954163
3958,1,0.33655184507369995
3959,1,1.8206757307052612
3960,1,0.0006269216537475586
3961,1,0.5468752384185791
3962,1,1.58367121219635
3963,1,0.6504493951797485
3964,1,0.13332712650299072
3965,1,0.1433093547821045
3966,1,1.5344138145446777
3967,1,0.0941842794418335
3968,1,0.19918912649154663
3969,1,0.003224611282348633
3970,1,0.0014903545379638672
3971,1,0.2491825819015503
3972,1,0.6830654144287109
3973,1,0.03908872604370117
3974,1,0.007313966751098633
3975,1,1.8260364532470703
3976,1,0.9484958648681641
3977,1,0.6855435371398926
3978,1,0.09240555763244629
3979,1,0.016164064407348633
3980,1,0.37558746337890625
3981,1,0.23566627502441406
3982,1,0.07560157775878906
3983,1,1.0286707878112793
3984,1,0.5454750061035156
3985,1,0.030416488647460938
3986,1,0.6478149890899658
3987,1,1.0725436210632324
3988,1,1.0426099300384521
3989,1,0.48345375061035156
3990,1,0.013679265975952148
3991,1,0.03390693664550781
3992,1,0.032392024993896484
3993,1,0.6331052780151367
3994,1,0.6962823867797852
3995,1,0.6911396980285645
3996,1,0.015366911888122559
3997,1,0.33308911323547363
3998,1,0.8690710067749023
3999,1,0.4561600685119629
4000,1,0.013635635375976562
4001,1,0.2053995132446289
4002,1,0.018517017364501953
4003,1,0.15149247646331787
4004,1,0.0835113525390625
4005,1,0.5120468139648438
4006,1,0.14017200469970703
4007,1,1.0573219060897827
4008,1,1.1517252922058105
4009,1,1.0164111852645874
4010,1,0.002344846725463867
4011,1,0.10613226890563965
4012,1,0.6409511566162109
4013,1,0.5091679096221924
4014,1,0.005557060241699219
4015,1,0.05858778953552246
4016,1,0.5349156856536865
4017,1,0.05696284770965576
4018,1,0.2110210657119751
4019,1,0.003354191780090332
4020,1,0.056427597999572754
4021,1,1.1746973991394043
4022,1,0.2996654510498047
4023,1,0.00439763069152832
4024,1,1.4623665809631348
4025,1,0.3819127082824707
4026,1,0.0032701492309570312
4027,1,0.014206647872924805
4028,1,0.010870695114135742
4029,1,0.0045299530029296875
4030,1,1.6154508590698242
4031,1,1.2631577253341675
4032,1,0.028525114059448242
4033,1,0.011450767517089844
4034,1,0.0747765302658081
4035,1,0.5457229614257812
4036,1,0.023566365242004395
4037,1,0.0027043819427490234
4038,1,0.003946423530578613
4039,1,0.016556978225708008
4040,1,0.018942594528198242
4041,1,2.006899118423462
4042,1,0.84230637550354
4043,1,0.4286688566207886
4044,1,0.025967121124267578
4045,1,0.8177043199539185
4046,1,0.020722627639770508
4047,1,0.15890347957611084
4048,1,0.49027085304260254
4049,1,0.005151271820068359
4050,1,0.003021717071533203
4051,1,0.0078089237213134766
4052,1,0.869898796081543
4053,1,0.019020795822143555
4054,1,0.005658745765686035
4055,1,0.008630514144897461
4056,1,0.00376284122467041
4057,1,0.016626954078674316
4058,1,0.0044803619384765625
4059,1,2.031494140625
4060,1,2.8181610107421875
4061,1,0.987899661064148
4062,1,0.0021451711654663086
4063,1,1.4869070053100586
4064,1,0.011416435241699219
4065,1,2.6743953227996826
4066,1,0.20332741737365723
4067,1,0.03857064247131348
4068,1,0.003377258777618408
4069,1,0.003548860549926758
4070,1,0.4522709250450134
4071,1,0.0011545419692993164
4072,1,0.49538278579711914
4073,1,0.030466318130493164
4074,1,0.005122184753417969
4075,1,0.004451334476470947
4076,1,1.6701148748397827
4077,1,0.3633880615234375
4078,1,0.00047534704208374023
4079,1,0.4113544821739197
4080,1,0.0017337203025817871
4081,1,0.0151597261428833
4082,1,0.008785545825958252
4083,1,1.46183180809021
4084,1,0.006783485412597656
4085,1,0.002159714698791504
4086,1,0.0012330412864685059
4087,1,0.10717248916625977
4088,1,0.4893718957901001
4089,1,0.9227698445320129
4090,1,0.21162229776382446
4091,1,0.28116798400878906
4092,1,0.025072574615478516
4093,1,0.01317530870437622
4094,1,0.006749391555786133
4095,1,0.4360851049423218
4096,1,1.0017372369766235
4097,1,0.09510254859924316
4098,1,1.4494738578796387
4099,1,0.005569577217102051
4100,1,0.017279624938964844
4101,1,0.01626807451248169
4102,1,0.009823799133300781
4103,1,0.002179861068725586
4104,1,0.04011380672454834
4105,1,0.979508101940155
4106,1,0.01223289966583252
4107,1,0.1821025013923645
4108,1,0.9031317234039307
4109,1,0.0004298090934753418
4110,1,0.02197873592376709
4111,1,0.3342200517654419
4112,1,0.014587759971618652
4113,1,0.031543612480163574
4114,1,0.0027123689651489258
4115,1,2.0522162914276123
4116,1,1.1960716247558594
4117,1,2.096674680709839
4118,1,0.5148701071739197
4119,1,0.3925589323043823
4120,1,1.378727912902832
4121,1,0.09702897071838379
4122,1,0.9834674596786499
4123,1,0.0725211501121521
4124,1,1.384572982788086
4125,1,0.001627206802368164
4126,1,1.077380895614624
4127,1,0.07632589340209961
4128,1,1.5081809759140015
4129,1,1.0364055633544922
4130,1,0.7122609615325928
4131,1,0.017387866973876953
4132,1,0.026852428913116455
4133,1,0.09903824329376221
4134,1,0.005676150321960449
4135,1,0.2506908178329468
4136,1,0.9377942085266113
4137,1,1.2074517011642456
4138,1,1.408459186553955
4139,1,0.04047369956970215
4140,1,0.30171215534210205
4141,1,0.021167278289794922
4142,1,0.6466366052627563
4143,1,0.4531092643737793
4144,1,0.016182422637939453
4145,1,0.666290283203125
4146,1,0.9054158926010132
4147,1,0.9126052856445312
4148,1,0.02675342559814453
4149,1,0.7141004800796509
4150,1,0.021793365478515625
4151,1,0.16080164909362793
4152,1,0.19949960708618164
4153,1,0.20829105377197266
4154,1,0.004652857780456543
4155,1,0.0019921064376831055
4156,1,1.616445541381836
4157,1,1.0816256999969482
4158,1,0.08794403076171875
4159,1,0.16159653663635254
4160,1,0.6203536987304688
4161,1,0.03976178169250488
4162,1,0.01244962215423584
4163,1,0.29606151580810547
4164,1,0.5058789253234863
4165,1,0.8185253143310547
4166,1,1.136749267578125
4167,1,0.1264784336090088
4168,1,0.037049293518066406
4169,1,0.10983788967132568
4170,1,0.5859174728393555
4171,1,0.006385922431945801
4172,1,0.24416017532348633
4173,1,0.3067774772644043
4174,1,0.9760931730270386
4175,1,0.4241039752960205
4176,1,0.02541804313659668
4177,1,0.03891158103942871
4178,1,0.2806570529937744
4179,1,0.021399259567260742
4180,1,0.017639636993408203
4181,1,0.08540725708007812
4182,1,0.7962055206298828
4183,1,0.004121303558349609
4184,1,0.9432311058044434
4185,1,0.2052147388458252
4186,1,0.9525704383850098
4187,1,0.1062854528427124
4188,1,1.7598884105682373
4189,1,1.0557727813720703
4190,1,0.0023496150970458984
4191,1,0.1711258888244629
4192,1,0.0037425756454467773
4193,1,1.0267791748046875
4194,1,0.03602313995361328
4195,1,1.5747485160827637
4196,1,0.1296248435974121
4197,1,0.32665443420410156
4198,1,0.9402740001678467
4199,1,0.6283634901046753
4200,1,0.12836360931396484
4201,1,0.011287689208984375
4202,1,0.7694705724716187
4203,1,0.2721148729324341
4204,1,0.0410761833190918
4205,1,2.0270535945892334
4206,1,0.9216899871826172
4207,1,0.42748355865478516
4208,1,0.007090210914611816
4209,1,0.24046039581298828
4210,1,0.13114547729492188
4211,1,0.006234645843505859
4212,1,0.8961749076843262
4213,1,0.9731998443603516
4214,1,0.025052785873413086
4215,1,0.420196533203125
4216,1,1.12994384765625
4217,1,0.18870210647583008
4218,1,0.12268733978271484
4219,1,0.3950042724609375
4220,1,0.007363080978393555
4221,1,0.038872718811035156
4222,1,0.25371456146240234
4223,1,0.8761837482452393
4224,1,0.1470632553100586
4225,1,0.24086713790893555
4226,1,0.8855488300323486
4227,1,0.12138056755065918
4228,1,0.005295276641845703
4229,1,0.06882727146148682
4230,1,0.8245737552642822
4231,1,0.9082708358764648
4232,1,0.30645751953125
4233,1,0.001789093017578125
4234,1,0.22002506256103516
4235,1,0.020531177520751953
4236,1,0.24371910095214844
4237,1,0.6324188709259033
4238,1,0.03201150894165039
4239,1,1.387458086013794
4240,1,1.6573920249938965
4241,1,0.1429429054260254
4242,1,1.2099418640136719
4243,1,2.1135268211364746
4244,1,0.6408684253692627
4245,1,0.0028069019317626953
4246,1,0.20183944702148438
4247,1,0.7424163818359375
4248,1,0.030132293701171875
4249,1,0.16939473152160645
4250,1,0.22739028930664062
4251,1,0.34390759468078613
4252,1,0.2888484001159668
4253,1,0.6843838691711426
4254,1,0.9465160369873047
4255,1,0.1140604019165039
4256,1,0.46446990966796875
4257,1,0.057593345642089844
4258,1,0.28826904296875
4259,1,0.15653419494628906
4260,1,0.0337529182434082
4261,1,0.09993624687194824
4262,1,0.1008901596069336
4263,1,0.5063116550445557
4264,1,0.07852458953857422
4265,1,1.1955432891845703
4266,1,0.03951263427734375
4267,1,0.7460308074951172
4268,1,0.01155102252960205
4269,1,0.03228139877319336
4270,1,0.003880620002746582
4271,1,0.03763532638549805
4272,1,0.19170618057250977
4273,1,1.0861926078796387
4274,1,0.03384685516357422
4275,1,0.7115111351013184
4276,1,1.09942626953125
4277,1,0.09283483028411865
4278,1,0.11147892475128174
4279,1,0.023929119110107422
4280,1,0.012207508087158203
4281,1,0.04723548889160156
4282,1,0.015552520751953125
4283,1,0.025838375091552734
4284,1,0.5428081750869751
4285,1,0.09028005599975586
4286,1,0.0010340213775634766
4287,1,0.04469621181488037
4288,1,0.9620763063430786
4289,1,1.260140061378479
4290,1,0.03255891799926758
4291,1,0.0030546188354492188
4292,1,0.02058553695678711
4293,1,0.002575397491455078
4294,1,0.007304668426513672
4295,1,2.005794048309326
4296,1,0.8011174201965332
4297,1,0.743593692779541
4298,1,0.0010328292846679688
4299,1,0.021566152572631836
4300,1,0.4955868721008301
4301,1,1.1340875625610352
4302,1,0.002552032470703125
4303,1,0.3117790222167969
4304,1,1.1815357208251953
4305,1,1.0048952102661133
4306,1,0.9593355655670166
4307,1,0.5406341552734375
4308,1,0.00672304630279541
4309,1,1.8681080341339111
4310,1,0.005077838897705078
4311,1,0.002105712890625
4312,1,0.015333294868469238
4313,1,1.0878725051879883
4314,1,0.003389120101928711
4315,1,0.19974231719970703
4316,1,0.005023837089538574
4317,1,3.461151123046875
4318,1,0.02205812931060791
4319,1,0.6290141344070435
4320,1,1.0019454956054688
4321,1,0.058284759521484375
4322,1,0.92803955078125
4323,1,1.0936009883880615
4324,1,0.7783806324005127
4325,1,0.09898746013641357
4326,1,0.2520695924758911
4327,1,0.10331273078918457
4328,1,0.023567795753479004
4329,1,0.4523355960845947
4330,1,2.2776308059692383
4331,1,0.05294442176818848
4332,1,0.1785602569580078
4333,1,1.8549950122833252
4334,1,0.056056082248687744
4335,1,0.004705071449279785
4336,1,0.6752734184265137
4337,1,0.5192151069641113
4338,1,0.9208478927612305
4339,1,0.02749490737915039
4340,1,0.012871861457824707
4341,1,0.1345677375793457
4342,1,0.7463518381118774
4343,1,0.3669004440307617
4344,1,0.9229221343994141
4345,1,0.0035941600799560547
4346,1,0.08040285110473633
4347,1,0.8567876815795898
4348,1,0.0032166242599487305
4349,1,0.5862798690795898
4350,1,0.921032190322876
4351,1,0.314711332321167
4352,1,0.735809326171875
4353,1,0.4194960594177246
4354,1,0.01800084114074707
4355,1,0.7347807884216309
4356,1,0.008827567100524902
4357,1,0.5381865501403809
4358,1,0.18359994888305664
4359,1,0.929509162902832
4360,1,0.008418679237365723
4361,1,0.0269240140914917
4362,1,0.08862018585205078
4363,1,0.6684494018554688
4364,1,0.04674375057220459
4365,1,0.6028237342834473
4366,1,0.043477416038513184
4367,1,0.0010156631469726562
4368,1,0.022893786430358887
4369,1,0.7950565218925476
4370,1,0.008519649505615234
4371,1,0.18595659732818604
4372,1,0.0013906359672546387
4373,1,0.31810951232910156
4374,1,0.39331674575805664
4375,1,0.0011296868324279785
4376,1,0.6538207530975342
4377,1,0.21702802181243896
4378,1,1.3599127531051636
4379,1,0.13045358657836914
4380,1,1.6436920166015625
4381,1,0.020337581634521484
4382,1,0.983407735824585
4383,1,0.008840739727020264
4384,1,0.0100669264793396
4385,1,0.3824164867401123
4386,1,0.674502968788147
4387,1,0.17232906818389893
4388,1,0.6089057922363281
4389,1,0.004580259323120117
4390,1,0.1763288974761963
4391,1,0.912216067314148
4392,1,0.06293416023254395
4393,1,0.6397016048431396
4394,1,0.08652806282043457
4395,1,0.6116575002670288
4396,1,0.017589569091796875
4397,1,0.00206148624420166
4398,1,0.013439178466796875
4399,1,0.13441288471221924
4400,1,0.0008731484413146973
4401,1,1.6467819213867188
4402,1,1.2388114929199219
4403,1,0.031911611557006836
4404,1,0.08984148502349854
4405,1,0.15534687042236328
4406,1,0.004628539085388184
4407,1,0.41213011741638184
4408,1,0.57023024559021
4409,1,0.019389212131500244
4410,1,1.3339699506759644
4411,1,0.04943770170211792
4412,1,0.01229095458984375
4413,1,0.06827026605606079
4414,1,0.19226616621017456
4415,1,0.0878685712814331
4416,1,0.001551806926727295
4417,1,0.1473844051361084
4418,1,0.05714309215545654
4419,1,0.33548665046691895
4420,1,0.0022475123405456543
4421,1,1.6164100170135498
4422,1,0.004589378833770752
4423,1,0.7274482250213623
4424,1,1.2514548301696777
4425,1,0.9305071830749512
4426,1,1.198983907699585
4427,1,0.006750583648681641
4428,1,1.004849910736084
4429,1,0.005589842796325684
4430,1,1.147730827331543
4431,1,0.0019490718841552734
4432,1,1.9240436553955078
4433,1,1.2084884643554688
4434,1,0.456073522567749
4435,1,0.0022295713424682617
4436,1,0.08464479446411133
4437,1,0.15707993507385254
4438,1,0.005758523941040039
4439,1,0.12495231628417969
4440,1,0.008787751197814941
4441,1,0.018760204315185547
4442,1,1.0076943635940552
4443,1,0.9181413650512695
4444,1,0.7128753662109375
4445,1,0.7919583320617676
4446,1,0.01423346996307373
4447,1,0.2481696605682373
4448,1,1.453890085220337
4449,1,0.4680898189544678
4450,1,0.13134193420410156
4451,1,0.643646240234375
4452,1,0.083740234375
4453,1,0.7018301486968994
4454,1,0.2891775369644165
4455,1,0.01945030689239502
4456,1,0.5970706939697266
4457,1,0.3837850093841553
4458,1,0.1941310167312622
4459,1,0.29694700241088867
4460,1,0.2465735673904419
4461,1,0.1269979476928711
4462,1,0.028814077377319336
4463,1,0.2984046936035156
4464,1,0.44709229469299316
4465,1,0.46959978342056274
4466,1,0.29184532165527344
4467,1,0.39276885986328125
4468,1,0.22055339813232422
4469,1,0.07526636123657227
4470,1,0.12227630615234375
4471,1,0.022557377815246582
4472,1,0.9835805892944336
4473,1,0.06327521800994873
4474,1,0.01327204704284668
4475,1,0.04806971549987793
4476,1,0.01055610179901123
4477,1,0.7413365840911865
4478,1,0.4271455407142639
4479,1,0.12113082408905029
4480,1,0.3930034637451172
4481,1,2.3596062660217285
4482,1,0.006230175495147705
4483,1,0.003144502639770508
4484,1,1.5536527633666992
4485,1,0.011652708053588867
4486,1,1.165374755859375
4487,1,0.02445274591445923
4488,1,0.06940358877182007
4489,1,1.830766201019287
4490,1,0.01326143741607666
4491,1,1.078867793083191
4492,1,0.047083377838134766
4493,1,0.5121574401855469
4494,1,0.0018038749694824219
4495,1,0.27099335193634033
4496,1,0.003098130226135254
4497,1,0.011853218078613281
4498,1,0.3102792501449585
4499,1,0.006664156913757324
4500,1,0.05228996276855469
4501,1,0.008440494537353516
4502,1,0.06757134199142456
4503,1,1.0992777347564697
4504,1,0.013676285743713379
4505,1,0.0007875561714172363
4506,1,1.2116241455078125
4507,1,0.2086614966392517
4508,1,0.4775439500808716
4509,1,0.05816042423248291
4510,1,0.002812981605529785
4511,1,0.011909127235412598
4512,1,0.000576317310333252
4513,1,0.43551385402679443
4514,1,0.07510954141616821
4515,1,0.0036392509937286377
4516,1,1.5849179029464722
4517,1,0.009195864200592041
4518,1,0.8368202447891235
4519,1,0.0004914999008178711
4520,1,0.7276678681373596
4521,1,0.1737568974494934
4522,1,0.029754161834716797
4523,1,0.007766544818878174
4524,1,2.0778610706329346
4525,1,0.9506542682647705
4526,1,0.0071353912353515625
4527,1,0.21168756484985352
4528,1,1.2707886695861816
4529,1,0.00429767370223999
4530,1,0.9664745330810547
4531,1,0.004353642463684082
4532,1,0.004953920841217041
4533,1,0.5052425861358643
4534,1,0.008593320846557617
4535,1,0.06905317306518555
4536,1,2.130732774734497
4537,1,0.6239683628082275
4538,1,0.02826058864593506
4539,1,0.009704291820526123
4540,1,0.0024362802505493164
4541,1,0.3921892046928406
4542,1,0.17251384258270264
4543,1,0.7708779573440552
4544,1,0.1391206979751587
4545,1,0.01913154125213623
4546,1,0.01903367042541504
4547,1,0.012954235076904297
4548,1,0.8656870126724243
4549,1,0.8852877616882324
4550,1,0.3799858093261719
4551,1,1.6379616260528564
4552,1,1.2178421020507812
4553,1,0.17895972728729248
4554,1,0.0005515813827514648
4555,1,0.10490059852600098
4556,1,0.0006508827209472656
4557,1,0.021945834159851074
4558,1,0.5365555286407471
4559,1,0.02008676528930664
4560,1,0.032478928565979004
4561,1,0.0007876157760620117
4562,1,0.7374464273452759
4563,1,0.011370658874511719
4564,1,0.0008450746536254883
4565,1,0.0016629695892333984
4566,1,0.003694772720336914
4567,1,0.0008922219276428223
4568,1,0.0033768415451049805
4569,1,0.03988504409790039
4570,1,0.5829626321792603
4571,1,0.003614962100982666
4572,1,0.9819802641868591
4573,1,0.0033277273178100586
4574,1,1.2804756164550781
4575,1,1.151949405670166
4576,1,0.0009510517120361328
4577,1,0.03384101390838623
4578,1,0.23212146759033203
4579,1,1.9878180027008057
4580,1,0.0053789615631103516
4581,1,0.000943601131439209
4582,1,0.07857036590576172
4583,1,0.3652302622795105
4584,1,0.21760022640228271
4585,1,0.0028028488159179688
4586,1,0.0032074451446533203
4587,1,0.04129219055175781
4588,1,0.045436322689056396
4589,1,1.1637517213821411
4590,1,0.18291234970092773
4591,1,0.4677155017852783
4592,1,0.10798990726470947
4593,1,0.09140205383300781
4594,1,0.08023929595947266
4595,1,0.5405885577201843
4596,1,0.19013631343841553
4597,1,0.1490877866744995
4598,1,0.38768768310546875
4599,1,0.7738507986068726
4600,1,0.02791428565979004
4601,1,0.00609433650970459
4602,1,1.533058524131775
4603,1,0.011607170104980469
4604,1,0.1655895709991455
4605,1,0.010292530059814453
4606,1,0.012175679206848145
4607,1,0.25152015686035156
4608,1,0.8095168471336365
4609,1,0.020572662353515625
4610,1,1.108011245727539
4611,1,0.9063153266906738
4612,1,0.01783919334411621
4613,1,0.8833441734313965
4614,1,0.6483430862426758
4615,1,0.023308396339416504
4616,1,0.11442971229553223
4617,1,1.1257500648498535
4618,1,0.008008241653442383
4619,1,0.0038899779319763184
4620,1,1.2059102058410645
4621,1,0.7418453693389893
4622,1,0.25080156326293945
4623,1,0.09237289428710938
4624,1,0.04594588279724121
4625,1,0.055721282958984375
4626,1,1.0302352905273438
4627,1,0.049067020416259766
4628,1,0.11265945434570312
4629,1,0.5224113464355469
4630,1,1.253994107246399
4631,1,0.7288608551025391
4632,1,1.5440268516540527
4633,1,0.056921958923339844
4634,1,0.0379796028137207
4635,1,0.049565792083740234
4636,1,0.5902117490768433
4637,1,1.4775713682174683
4638,1,0.4955172538757324
4639,1,0.18951058387756348
4640,1,0.005583763122558594
4641,1,0.4469156265258789
4642,1,0.5034012794494629
4643,1,0.08891642093658447
4644,1,0.044931650161743164
4645,1,0.3933992385864258
4646,1,0.41559267044067383
4647,1,1.220377802848816
4648,1,0.23113155364990234
4649,1,1.0194082260131836
4650,1,0.58441162109375
4651,1,0.3682126998901367
4652,1,0.22208595275878906
4653,1,0.1883256435394287
4654,1,0.06924748420715332
4655,1,0.17827486991882324
4656,1,1.076131820678711
4657,1,0.019109725952148438
4658,1,0.3329191207885742
4659,1,0.1550734043121338
4660,1,0.009030342102050781
4661,1,0.6220788955688477
4662,1,0.1166539192199707
4663,1,0.7825407981872559
4664,1,0.7685062885284424
4665,1,0.43192458152770996
4666,1,0.011698007583618164
4667,1,0.01491236686706543
4668,1,0.3119271993637085
4669,1,0.10771059989929199
4670,1,0.005068302154541016
4671,1,0.0299835205078125
4672,1,1.526963710784912
4673,1,0.11107206344604492
4674,1,0.4805736541748047
4675,1,0.225616455078125
4676,1,0.3177604675292969
4677,1,0.31392621994018555
4678,1,0.39095020294189453
4679,1,0.1946578025817871
4680,1,0.03179574012756348
4681,1,0.22737550735473633
4682,1,0.20030677318572998
4683,1,0.0031815767288208008
4684,1,0.12458682060241699
4685,1,0.10749053955078125
4686,1,0.10876893997192383
4687,1,0.0022416114807128906
4688,1,1.0007882118225098
4689,1,0.2580442428588867
4690,1,0.015481352806091309
4691,1,0.013498544692993164
4692,1,1.4757976531982422
4693,1,0.007085978984832764
4694,1,0.4487035274505615
4695,1,0.7355666160583496
4696,1,1.175817847251892
4697,1,0.005963325500488281
4698,1,0.0029308199882507324
4699,1,0.047892093658447266
4700,1,0.010816395282745361
4701,1,0.0022242069244384766
4702,1,1.746809482574463
4703,1,1.1113200187683105
4704,1,0.03506302833557129
4705,1,0.0009878873825073242
4706,1,1.269100546836853
4707,1,0.21203505992889404
4708,1,1.6027675867080688
4709,1,0.02686595916748047
4710,1,1.6751251220703125
4711,1,0.7805731296539307
4712,1,0.10812520980834961
4713,1,0.0051670074462890625
4714,1,0.0041980743408203125
4715,1,1.0352487564086914
4716,1,0.019271373748779297
4717,1,0.5543708801269531
4718,1,0.005928516387939453
4719,1,0.0042629241943359375
4720,1,0.03912973403930664
4721,1,0.06866216659545898
4722,1,0.010621070861816406
4723,1,0.2916908264160156
4724,1,1.4053707122802734
4725,1,0.04570150375366211
4726,1,0.0031795501708984375
4727,1,1.320345163345337
4728,1,0.05344676971435547
4729,1,0.6180825233459473
4730,1,0.19780826568603516
4731,1,0.008163928985595703
4732,1,0.8022842407226562
4733,1,0.014732599258422852
4734,1,2.135608434677124
4735,1,0.0025339126586914062
4736,1,1.387974739074707
4737,1,0.021779537200927734
4738,1,1.0118751525878906
4739,1,0.005096435546875
4740,1,0.012024879455566406
4741,1,0.008170127868652344
4742,1,0.7179121971130371
4743,1,0.6790547370910645
4744,1,0.008822441101074219
4745,1,0.7562375068664551
4746,1,0.003998279571533203
4747,1,0.0055866241455078125
4748,1,1.2667515277862549
4749,1,0.021402835845947266
4750,1,0.3933074474334717
4751,1,0.026766538619995117
4752,1,1.945526123046875
4753,1,0.01849532127380371
4754,1,0.003926753997802734
4755,1,1.376380443572998
4756,1,0.4041142463684082
4757,1,0.004332900047302246
4758,1,0.0018515586853027344
4759,1,1.2570488452911377
4760,1,0.02163100242614746
4761,1,0.021785736083984375
4762,1,0.9222841262817383
4763,1,1.664696216583252
4764,1,0.3020002841949463
4765,1,1.1507854461669922
4766,1,0.29128003120422363
4767,1,0.36476588249206543
4768,1,0.0021643638610839844
4769,1,0.38693904876708984
4770,1,1.7629966735839844
4771,1,0.006869316101074219
4772,1,0.006893634796142578
4773,1,0.006342887878417969
4774,1,0.31365299224853516
4775,1,0.46982860565185547
4776,1,0.111419677734375
4777,1,1.3812639713287354
4778,1,0.00853729248046875
4779,1,0.053048133850097656
4780,1,0.0510859489440918
4781,1,0.009419918060302734
4782,1,0.007293701171875
4783,1,0.5892105102539062
4784,1,1.362410068511963
4785,1,0.04193615913391113
4786,1,0.6632592678070068
4787,1,0.0023963451385498047
4788,1,1.9177303314208984
4789,1,0.6510401964187622
4790,1,0.07644510269165039
4791,1,0.4069349765777588
4792,1,1.0077857971191406
4793,1,0.11292648315429688
4794,1,1.0034213066101074
4795,1,0.008577585220336914
4796,1,0.9166744947433472
4797,1,0.10609114170074463
4798,1,0.025437355041503906
4799,1,0.04321146011352539
4800,1,0.6129426956176758
4801,1,0.12264823913574219
4802,1,0.019928932189941406
4803,1,0.8756673336029053
4804,1,0.20555782318115234
4805,1,0.21485280990600586
4806,1,1.3295626640319824
4807,1,0.07492733001708984
4808,1,0.05178070068359375
4809,1,0.0665738582611084
4810,1,0.011729717254638672
4811,1,0.10072183609008789
4812,1,0.19971680641174316
4813,1,0.005744218826293945
4814,1,0.015810012817382812
4815,1,0.0654153823852539
4816,1,0.9869056940078735
4817,1,0.009827613830566406
4818,1,0.6024233102798462
4819,1,0.014645218849182129
4820,1,1.320157766342163
4821,1,0.0708627700805664
4822,1,0.04410362243652344
4823,1,1.2862238883972168
4824,1,1.6175050735473633
4825,1,0.11445808410644531
4826,1,0.7300467491149902
4827,1,1.5533876419067383
4828,1,0.0037488937377929688
4829,1,0.011273384094238281
4830,1,0.2954213619232178
4831,1,0.9126254320144653
4832,1,0.12519657611846924
4833,1,0.4686119556427002
4834,1,0.08183765411376953
4835,1,0.050368309020996094
4836,1,0.6438212394714355
4837,1,0.003833174705505371
4838,1,0.1109548807144165
4839,1,0.06850743293762207
4840,1,0.0010274648666381836
4841,1,0.07543683052062988
4842,1,0.8443965911865234
4843,1,0.027541637420654297
4844,1,0.016049623489379883
4845,1,0.8537003993988037
4846,1,0.0015406608581542969
4847,1,0.8941965103149414
4848,1,0.0016771554946899414
4849,1,1.058706283569336
4850,1,0.4608665704727173
4851,1,0.005129814147949219
4852,1,1.3507627248764038
4853,1,0.15659737586975098
4854,1,0.009946644306182861
4855,1,0.0022565126419067383
4856,1,1.025561809539795
4857,1,0.07004213333129883
4858,1,0.0024042129516601562
4859,1,0.007585883140563965
4860,1,0.9347152709960938
4861,1,0.5433273315429688
4862,1,0.0011388063430786133
4863,1,0.002848386764526367
4864,1,0.8785663843154907
4865,1,0.19407963752746582
4866,1,0.010953426361083984
4867,1,0.00887441635131836
4868,1,0.023960351943969727
4869,1,0.5835952758789062
4870,1,0.015487194061279297
4871,1,0.029003143310546875
4872,1,0.005922675132751465
4873,1,0.0060656070709228516
4874,1,0.34097814559936523
4875,1,0.26511824131011963
4876,1,0.0215415358543396
4877,1,0.013537883758544922
4878,1,0.39602017402648926
4879,1,0.8170130252838135
4880,1,1.6347562074661255
4881,1,1.4058818817138672
4882,1,1.2186213731765747
4883,1,0.20550155639648438
4884,1,0.0027033090591430664
4885,1,1.371866226196289
4886,1,0.020651817321777344
4887,1,1.2390880584716797
4888,1,0.005542755126953125
4889,1,0.004687190055847168
4890,1,1.5109996795654297
4891,1,0.02238607406616211
4892,1,0.018172621726989746
4893,1,0.03707122802734375
4894,1,0.07582235336303711
4895,1,0.010061264038085938
4896,1,0.21244287490844727
4897,1,0.15115249156951904
4898,1,0.869554877281189
4899,1,0.002585172653198242
4900,1,1.6608917713165283
4901,1,1.165305256843567
4902,1,0.020803451538085938
4903,1,0.02138495445251465
4904,1,0.015908360481262207
4905,1,0.05825817584991455
4906,1,0.5602321624755859
4907,1,0.04425179958343506
4908,1,2.0029869079589844
4909,1,0.03963589668273926
4910,1,0.0029791593551635742
4911,1,0.0010837316513061523
4912,1,0.004852294921875
4913,1,0.007406949996948242
4914,1,0.8523892164230347
4915,1,1.4552993774414062
4916,1,0.0007007122039794922
4917,1,0.004844069480895996
4918,1,0.0008635520935058594
4919,1,0.7035509347915649
4920,1,1.2974154949188232
4921,1,0.039597511291503906
4922,1,0.02114337682723999
4923,1,0.37790560722351074
4924,1,0.09381616115570068
4925,1,0.876971960067749
4926,1,1.7503942251205444
4927,1,1.807107925415039
4928,1,0.0036231279373168945
4929,1,1.0176360607147217
4930,1,0.00831592082977295
4931,1,0.06849122047424316
4932,1,1.4106519222259521
4933,1,0.49356043338775635
4934,1,1.5532383918762207
4935,1,1.7188094854354858
4936,1,0.947723388671875
4937,1,0.3164503574371338
4938,1,0.9843206405639648
4939,1,0.026331424713134766
4940,1,0.6611969470977783
4941,1,0.1061863899230957
4942,1,0.05925893783569336
4943,1,0.048707008361816406
4944,1,1.8961563110351562
4945,1,0.5997123718261719
4946,1,0.0417485237121582
4947,1,0.17058658599853516
4948,1,0.19377994537353516
4949,1,0.215911865234375
4950,1,0.6692266464233398
4951,1,1.5444650650024414
4952,1,0.7498197555541992
4953,1,0.010785102844238281
4954,1,0.4582185745239258
4955,1,0.13803958892822266
4956,1,0.010685920715332031
4957,1,1.8096961975097656
4958,1,0.029392242431640625
4959,1,0.013789176940917969
4960,1,0.29736948013305664
4961,1,1.4070320129394531
4962,1,0.07634925842285156
4963,1,0.014280319213867188
4964,1,0.024921417236328125
4965,1,0.9937887191772461
4966,1,0.05377769470214844
4967,1,0.8087892532348633
4968,1,0.5156569480895996
4969,1,1.3275742530822754
4970,1,1.242919921875
4971,1,0.026051998138427734
4972,1,0.644953727722168
4973,1,1.3344230651855469
4974,1,0.3139076232910156
4975,1,0.24174118041992188
4976,1,0.0032167434692382812
4977,1,0.03163623809814453
4978,1,0.018541336059570312
4979,1,1.3829193115234375
4980,1,0.15152740478515625
4981,1,0.6765122413635254
4982,1,0.083282470703125
4983,1,0.3147001266479492
4984,1,0.03312492370605469
4985,1,0.8801918029785156
4986,1,0.007731437683105469
4987,1,0.004797935485839844
4988,1,0.022955894470214844
4989,1,0.4069070816040039
4990,1,0.1242837905883789
4991,1,0.2800121307373047
4992,1,0.004974365234375
4993,1,0.7885675430297852
4994,1,1.6624174118041992
4995,1,0.09136104583740234
4996,1,0.010059833526611328
4997,1,0.2941312789916992
4998,1,0.027321338653564453
4999,1,1.6607775688171387
5000,1,0.0035333633422851562
5001,1,0.17247867584228516
5002,1,0.6370620727539062
5003,1,0.01908731460571289
5004,1,0.14144420623779297
5005,1,0.021607398986816406
5006,1,0.014284610748291016
5007,1,0.10982704162597656
5008,1,1.2394893169403076
5009,1,0.010065555572509766
5010,1,0.03500699996948242
5011,1,0.18046951293945312
5012,1,0.008098125457763672
5013,1,0.001886129379272461
5014,1,0.1961054801940918
5015,1,0.974097728729248
5016,1,0.8533449172973633
5017,1,0.0040628910064697266
5018,1,0.09325551986694336
5019,1,1.076812505722046
5020,1,0.007289886474609375
5021,1,1.1449010372161865
5022,1,0.007334709167480469
5023,1,0.8853542804718018
5024,1,1.1603083610534668
5025,1,1.5084781646728516
5026,1,0.8888015747070312
5027,1,1.0142900943756104
5028,1,0.8066587448120117
5029,1,0.013401985168457031
5030,1,0.5163900852203369
5031,1,0.2746548652648926
5032,1,0.5523970127105713
5033,1,0.025177478790283203
5034,1,0.019001364707946777
5035,1,0.07070565223693848
5036,1,0.0061740875244140625
5037,1,0.004047393798828125
5038,1,0.002589702606201172
5039,1,0.9170985221862793
5040,1,0.0035429000854492188
5041,1,0.3038583993911743
5042,1,2.0288894176483154
5043,1,0.002457141876220703
5044,1,0.0035440921783447266
5045,1,0.5946598052978516
5046,1,0.01463770866394043
5047,1,0.934478759765625
5048,1,0.03355765342712402
5049,1,0.00922393798828125
5050,1,0.0027573108673095703
5051,1,0.0020232200622558594
5052,1,0.6067914962768555
5053,1,1.0866540670394897
5054,1,0.1624685525894165
5055,1,0.2533082962036133
5056,1,0.022127866744995117
5057,1,2.3427624702453613
5058,1,0.32852768898010254
5059,1,0.7262778282165527
5060,1,2.0512073040008545
5061,1,0.0022208690643310547
5062,1,0.627286434173584
5063,1,1.3850855827331543
5064,1,0.10679388046264648
5065,1,0.487457275390625
5066,1,1.647122859954834
5067,1,1.1220641136169434
5068,1,0.3337225914001465
5069,1,0.10482978820800781
5070,1,0.04279327392578125
5071,1,0.0068013668060302734
5072,1,1.5690174102783203
5073,1,0.03054189682006836
5074,1,0.18891572952270508
5075,1,0.4662179946899414
5076,1,0.017475128173828125
5077,1,1.4205570220947266
5078,1,0.7831535339355469
5079,1,0.01285552978515625
5080,1,1.0159058570861816
5081,1,0.016542434692382812
5082,1,1.022007942199707
5083,1,0.006464958190917969
5084,1,0.5453300476074219
5085,1,0.11237430572509766
5086,1,0.020411968231201172
5087,1,0.028801918029785156
5088,1,0.0661935806274414
5089,1,0.9068689346313477
5090,1,0.8328399658203125
5091,1,0.024796009063720703
5092,1,0.28963613510131836
5093,1,0.024169921875
5094,1,0.00878763198852539
5095,1,0.5692596435546875
5096,1,0.1223301887512207
5097,1,2.0957493782043457
5098,1,0.8406233787536621
5099,1,1.425558090209961
5100,1,0.008753299713134766
5101,1,0.017434120178222656
5102,1,0.01117086410522461
5103,1,0.0077953338623046875
5104,1,1.2941417694091797
5105,1,0.017129898071289062
5106,1,0.02625131607055664
5107,1,0.004797935485839844
5108,1,1.347902774810791
5109,1,0.011348485946655273
5110,1,0.07773995399475098
5111,1,1.5688209533691406
5112,1,0.6455459594726562
5113,1,1.0452170372009277
5114,1,0.010312080383300781
5115,1,0.01944255828857422
5116,1,0.002828836441040039
5117,1,0.0033020973205566406
5118,1,0.027933359146118164
5119,1,0.004926800727844238
5120,1,0.9717617034912109
5121,1,0.007508397102355957
5122,1,0.008238554000854492
5123,1,0.074737548828125
5124,1,0.05884504318237305
5125,1,0.00961458683013916
5126,1,1.0844025611877441
5127,1,0.6908416748046875
5128,1,0.9750540256500244
5129,1,2.047189474105835
5130,1,0.014376640319824219
5131,1,0.011818885803222656
5132,1,0.13202834129333496
5133,1,0.0010241270065307617
5134,1,0.6889495849609375
5135,1,1.0068659782409668
5136,1,0.9644374847412109
5137,1,0.4712104797363281
5138,1,0.0060727596282958984
5139,1,0.40528202056884766
5140,1,0.28173828125
5141,1,0.8710520267486572
5142,1,2.2180862426757812
5143,1,0.12069845199584961
5144,1,0.002151966094970703
5145,1,0.4841644763946533
5146,1,0.6526317596435547
5147,1,1.609075903892517
5148,1,0.053476572036743164
5149,1,0.03155827522277832
5150,1,0.5152161121368408
5151,1,0.020502328872680664
5152,1,0.005686283111572266
5153,1,0.013103842735290527
5154,1,0.004130363464355469
5155,1,0.008182346820831299
5156,1,0.3095073699951172
5157,1,0.04998481273651123
5158,1,0.37410640716552734
5159,1,0.04329395294189453
5160,1,0.11523962020874023
5161,1,0.011566877365112305
5162,1,1.3827296495437622
5163,1,1.444606065750122
5164,1,0.0022971630096435547
5165,1,0.19244146347045898
5166,1,2.3560311794281006
5167,1,1.5776387453079224
5168,1,0.8313736915588379
5169,1,0.25124549865722656
5170,1,1.9950379133224487
5171,1,0.001600503921508789
5172,1,0.0018001794815063477
5173,1,1.0825257301330566
5174,1,0.0022126436233520508
5175,1,0.08117246627807617
5176,1,2.462310791015625
5177,1,0.035752296447753906
5178,1,0.9229108095169067
5179,1,0.004007697105407715
5180,1,0.036075592041015625
5181,1,0.004044651985168457
5182,1,0.024688363075256348
5183,1,0.7369918823242188
5184,1,1.1674795150756836
5185,1,0.6903553009033203
5186,1,0.5278375148773193
5187,1,1.1634316444396973
5188,1,0.01308906078338623
5189,1,0.27559685707092285
5190,1,0.03229069709777832
5191,1,0.03901958465576172
5192,1,0.7086496353149414
5193,1,0.0012371540069580078
5194,1,0.00897979736328125
5195,1,0.8000810146331787
5196,1,0.5958390235900879
5197,1,0.23018670082092285
5198,1,0.013643741607666016
5199,1,0.6804732084274292
5200,1,0.798690915107727
5201,1,0.23663711547851562
5202,1,0.016503334045410156
5203,1,0.04593360424041748
5204,1,1.0913605690002441
5205,1,0.0039179325103759766
5206,1,0.9809142351150513
5207,1,0.0012258291244506836
5208,1,1.0320262908935547
5209,1,1.7072973251342773
5210,1,0.5800666809082031
5211,1,0.016460418701171875
5212,1,0.5386035442352295
5213,1,0.27040863037109375
5214,1,0.03426980972290039
5215,1,1.4299473762512207
5216,1,0.7821171283721924
5217,1,0.7594037055969238
5218,1,0.2759857177734375
5219,1,0.19443511962890625
5220,1,0.09089231491088867
5221,1,0.08053112030029297
5222,1,0.01728987693786621
5223,1,0.3657195568084717
5224,1,0.5447726249694824
5225,1,0.07711124420166016
5226,1,0.28626251220703125
5227,1,0.021417856216430664
5228,1,0.41298794746398926
5229,1,0.4980325698852539
5230,1,0.019684314727783203
5231,1,0.5307908058166504
5232,1,0.005248665809631348
5233,1,0.27730798721313477
5234,1,0.005378007888793945
5235,1,0.015139102935791016
5236,1,0.3839648962020874
5237,1,0.007576704025268555
5238,1,0.48884475231170654
5239,1,0.14456844329833984
5240,1,0.3660421371459961
5241,1,0.1401529312133789
5242,1,0.39627742767333984
5243,1,0.6702851057052612
5244,1,0.0020602941513061523
5245,1,1.0231289863586426
5246,1,0.13704824447631836
5247,1,0.30712568759918213
5248,1,0.5132875442504883
5249,1,0.10961532592773438
5250,1,0.05738377571105957
5251,1,0.9692237377166748
5252,1,1.535392165184021
5253,1,0.0029600858688354492
5254,1,0.18921637535095215
5255,1,1.2047069072723389
5256,1,0.40235280990600586
5257,1,0.5181015729904175
5258,1,0.5167100429534912
5259,1,0.28890812397003174
5260,1,0.08717203140258789
5261,1,0.7987940311431885
5262,1,1.244420051574707
5263,1,0.6290361881256104
5264,1,0.3001364469528198
5265,1,0.0671241283416748
5266,1,1.484490156173706
5267,1,0.7393321990966797
5268,1,0.49783098697662354
5269,1,1.2045291662216187
5270,1,1.4700325727462769
5271,1,0.0010126829147338867
5272,1,1.6115670204162598
5273,1,0.003764629364013672
5274,1,0.8526480197906494
5275,1,0.0052269697189331055
5276,1,1.356328010559082
5277,1,0.40587806701660156
5278,1,0.14205455780029297
5279,1,0.09949016571044922
5280,1,0.12844038009643555
5281,1,0.31976795196533203
5282,1,1.3553218841552734
5283,1,0.010581493377685547
5284,1,0.5510101318359375
5285,1,0.07037544250488281
5286,1,1.2388153076171875
5287,1,0.23380470275878906
5288,1,0.01875162124633789
5289,1,0.1551990509033203
5290,1,0.7594022750854492
5291,1,0.02105426788330078
5292,1,0.04996299743652344
5293,1,1.2997827529907227
5294,1,0.047135353088378906
5295,1,0.10091686248779297
5296,1,0.1489734649658203
5297,1,0.625213623046875
5298,1,0.08513927459716797
5299,1,0.4442710876464844
5300,1,0.5111207962036133
5301,1,0.030164718627929688
5302,1,0.007016181945800781
5303,1,0.025779247283935547
5304,1,0.09308767318725586
5305,1,0.7064907550811768
5306,1,0.4093132019042969
5307,1,0.022222518920898438
5308,1,0.9377486705780029
5309,1,0.24642205238342285
5310,1,0.35544395446777344
5311,1,0.0018885135650634766
5312,1,0.04131424427032471
5313,1,0.07151520252227783
5314,1,0.9750809669494629
5315,1,1.1802806854248047
5316,1,0.4269450902938843
5317,1,0.9268701076507568
5318,1,0.04476571083068848
5319,1,0.5743157863616943
5320,1,0.044695138931274414
5321,1,1.7150734663009644
5322,1,0.005886077880859375
5323,1,0.0041773319244384766
5324,1,0.005778312683105469
5325,1,0.011637568473815918
5326,1,0.03283500671386719
5327,1,0.7464665174484253
5328,1,0.960695743560791
5329,1,0.06078505516052246
5330,1,0.007505178451538086
5331,1,0.003571629524230957
5332,1,0.027567028999328613
5333,1,0.12497830390930176
5334,1,1.9877433776855469
5335,1,0.019129395484924316
5336,1,1.2266926765441895
5337,1,0.020151853561401367
5338,1,0.1399824619293213
5339,1,0.0006508827209472656
5340,1,1.0000877380371094
5341,1,0.16376328468322754
5342,1,0.02072930335998535
5343,1,0.0012426376342773438
5344,1,0.06315279006958008
5345,1,0.007892847061157227
5346,1,0.004924774169921875
5347,1,0.01750469207763672
5348,1,0.14725005626678467
5349,1,0.3344309329986572
5350,1,1.1880943775177002
5351,1,1.1301032304763794
5352,1,0.4411005973815918
5353,1,1.7655258178710938
5354,1,0.0029649734497070312
5355,1,0.4498576521873474
5356,1,0.01946699619293213
5357,1,1.0670149326324463
5358,1,0.0030324459075927734
5359,1,1.3963415622711182
5360,1,0.29889392852783203
5361,1,0.003450632095336914
5362,1,0.011620521545410156
5363,1,0.08695971965789795
5364,1,1.0013351440429688
5365,1,0.11353230476379395
5366,1,0.4127206802368164
5367,1,0.007200002670288086
5368,1,0.3001224994659424
5369,1,0.0707712173461914
5370,1,0.024915695190429688
5371,1,0.2541217803955078
5372,1,0.16505801677703857
5373,1,0.04682326316833496
5374,1,0.00859832763671875
5375,1,0.9741002917289734
5376,1,0.304534912109375
5377,1,1.9898614883422852
5378,1,0.03588414192199707
5379,1,0.26405757665634155
5380,1,0.013979434967041016
5381,1,0.7101023197174072
5382,1,0.005146622657775879
5383,1,1.7792625427246094
5384,1,0.006610751152038574
5385,1,0.39655160903930664
5386,1,0.6401011943817139
5387,1,0.005507946014404297
5388,1,0.02355813980102539
5389,1,1.1397080421447754
5390,1,0.03057694435119629
5391,1,0.0015772581100463867
5392,1,0.06748664379119873
5393,1,1.2564010620117188
5394,1,0.0028253793716430664
5395,1,0.01482391357421875
5396,1,0.022861957550048828
5397,1,1.2205443382263184
5398,1,1.2600170373916626
5399,1,1.5283317565917969
5400,1,0.006168246269226074
5401,1,0.0478670597076416
5402,1,0.3670203685760498
5403,1,0.00967097282409668
5404,1,0.0039299726486206055
5405,1,0.0037459135055541992
5406,1,0.8008836507797241
5407,1,0.10069990158081055
5408,1,1.1137604713439941
5409,1,0.004675507545471191
5410,1,0.0009018182754516602
5411,1,1.2185784578323364
5412,1,0.004094958305358887
5413,1,1.5603504180908203
5414,1,0.025814056396484375
5415,1,0.012336134910583496
5416,1,0.16269683837890625
5417,1,0.0430445671081543
5418,1,0.010896444320678711
5419,1,1.414781928062439
5420,1,0.18731915950775146
5421,1,0.027523279190063477
5422,1,0.8531925678253174
5423,1,0.6480536460876465
5424,1,0.5136833190917969
5425,1,0.02117133140563965
5426,1,0.07117593288421631
5427,1,0.015962958335876465
5428,1,0.35266971588134766
5429,1,0.38096773624420166
5430,1,0.005518913269042969
5431,1,0.006093502044677734
5432,1,0.001929163932800293
5433,1,0.6975092887878418
5434,1,0.8617042303085327
5435,1,1.1346659660339355
5436,1,0.04381918907165527
5437,1,0.0015819668769836426
5438,1,0.004900336265563965
5439,1,0.07654833793640137
5440,1,1.2487740516662598
5441,1,0.9588370323181152
5442,1,1.9557851552963257
5443,1,0.001310586929321289
5444,1,0.7058525085449219
5445,1,1.1608362197875977
5446,1,0.3143496513366699
5447,1,0.003206968307495117
5448,1,0.007896661758422852
5449,1,0.6200671195983887
5450,1,0.1883087158203125
5451,1,0.005553722381591797
5452,1,0.8885560035705566
5453,1,0.016536712646484375
5454,1,0.04896354675292969
5455,1,0.4104342460632324
5456,1,0.0963897705078125
5457,1,0.053999900817871094
5458,1,0.02239513397216797
5459,1,1.3027400970458984
5460,1,0.2644153833389282
5461,1,0.37889349460601807
5462,1,0.10463488101959229
5463,1,0.04674732685089111
5464,1,0.03664875030517578
5465,1,0.016142845153808594
5466,1,0.015580534934997559
5467,1,0.1239539384841919
5468,1,1.0029692649841309
5469,1,0.009062767028808594
5470,1,0.022154569625854492
5471,1,0.7239832878112793
5472,1,0.0313115119934082
5473,1,1.1385743618011475
5474,1,0.08970916271209717
5475,1,0.007159829139709473
5476,1,1.0983675718307495
5477,1,0.4076802730560303
5478,1,0.008107662200927734
5479,1,1.0351791381835938
5480,1,0.0032080411911010742
5481,1,0.0031371116638183594
5482,1,0.006608128547668457
5483,1,0.0030460357666015625
5484,1,1.3150285482406616
5485,1,1.2932491302490234
5486,1,0.032076478004455566
5487,1,0.005164980888366699
5488,1,0.0005934238433837891
5489,1,0.019929051399230957
5490,1,0.12023353576660156
5491,1,2.1711747646331787
5492,1,0.0008804202079772949
5493,1,1.06354558467865
5494,1,0.009051084518432617
5495,1,0.015224218368530273
5496,1,0.008159220218658447
5497,1,1.1961930990219116
5498,1,0.03212559223175049
5499,1,0.04120761156082153
5500,1,0.30735117197036743
5501,1,0.5681380033493042
5502,1,1.322662353515625
5503,1,0.004879176616668701
5504,1,1.5810649394989014
5505,1,1.0164108276367188
5506,1,0.7794897556304932
5507,1,0.07185906171798706
5508,1,0.592886209487915
5509,1,0.8172595500946045
5510,1,1.309447169303894
5511,1,0.055164337158203125
5512,1,0.6492791175842285
5513,1,0.01634824275970459
5514,1,0.000822901725769043
5515,1,0.03984987735748291
5516,1,0.8725099563598633
5517,1,0.913263201713562
5518,1,0.02054595947265625
5519,1,2.5052480697631836
5520,1,0.034946441650390625
5521,1,0.7403970956802368
5522,1,0.024391651153564453
5523,1,0.002406477928161621
5524,1,0.24777615070343018
5525,1,0.052820682525634766
5526,1,1.609095811843872
5527,1,0.05195772647857666
5528,1,0.010160684585571289
5529,1,0.01155400276184082
5530,1,0.3454458713531494
5531,1,1.5952244997024536
5532,1,0.020869731903076172
5533,1,0.9252958297729492
5534,1,0.03711748123168945
5535,1,0.07527375221252441
5536,1,0.7732275724411011
5537,1,0.02212059497833252
5538,1,0.027896523475646973
5539,1,0.0025633573532104492
5540,1,0.004404425621032715
5541,1,0.005372881889343262
5542,1,0.13035351037979126
5543,1,0.02256643772125244
5544,1,1.4556996822357178
5545,1,0.01453554630279541
5546,1,1.0961275100708008
5547,1,0.6875338554382324
5548,1,0.004088044166564941
5549,1,0.0007462501525878906
5550,1,0.005533695220947266
5551,1,0.33871161937713623
5552,1,0.11514759063720703
5553,1,0.8215548992156982
5554,1,1.161696434020996
5555,1,0.16643202304840088
5556,1,1.3914883136749268
5557,1,0.847602128982544
5558,1,0.03721010684967041
5559,1,0.3096156120300293
5560,1,0.008830070495605469
5561,1,0.06675636768341064
5562,1,0.7179756164550781
5563,1,0.5828408002853394
5564,1,0.24022483825683594
5565,1,0.006678342819213867
5566,1,0.005014657974243164
5567,1,1.0043761730194092
5568,1,0.011005401611328125
5569,1,0.630033016204834
5570,1,0.8752293586730957
5571,1,0.03359413146972656
5572,1,0.46503353118896484
5573,1,0.17606914043426514
5574,1,0.06211662292480469
5575,1,0.8513286113739014
5576,1,1.0512573719024658
5577,1,0.5558890104293823
5578,1,0.0480647087097168
5579,1,1.6377830505371094
5580,1,0.9411468505859375
5581,1,1.0793771743774414
5582,1,0.8330373764038086
5583,1,0.998748779296875
5584,1,0.5982875823974609
5585,1,0.7960948944091797
5586,1,0.018255233764648438
5587,1,0.6259994506835938
5588,1,0.7727961540222168
5589,1,0.776212215423584
5590,1,0.5491843223571777
5591,1,0.0477142333984375
5592,1,0.014612197875976562
5593,1,0.08032941818237305
5594,1,0.06853866577148438
5595,1,0.05256986618041992
5596,1,0.004152774810791016
5597,1,1.9372963905334473
5598,1,0.02814340591430664
5599,1,0.4635186195373535
5600,1,0.005635738372802734
5601,1,0.0025479793548583984
5602,1,0.9848506450653076
5603,1,0.004710674285888672
5604,1,0.1697700023651123
5605,1,0.0019347667694091797
5606,1,0.9772758483886719
5607,1,0.010894536972045898
5608,1,1.01265287399292
5609,1,0.04817771911621094
5610,1,0.04217529296875
5611,1,0.566319465637207
5612,1,1.602691650390625
5613,1,0.044316768646240234
5614,1,0.022540807723999023
5615,1,0.009897470474243164
5616,1,0.021928787231445312
5617,1,0.6035561561584473
5618,1,0.48969078063964844
5619,1,0.01215505599975586
5620,1,0.6846704483032227
5621,1,0.068511962890625
5622,1,0.07547235488891602
5623,1,0.01865243911743164
5624,1,0.009732484817504883
5625,1,0.24920248985290527
5626,1,0.049341440200805664
5627,1,0.6826748847961426
5628,1,0.1480240821838379
5629,1,0.004944562911987305
5630,1,0.16469860076904297
5631,1,0.004644870758056641
5632,1,0.0028471946716308594
5633,1,0.01456308364868164
5634,1,0.04202866554260254
5635,1,0.1877002716064453
5636,1,0.5233073234558105
5637,1,0.01535797119140625
5638,1,0.008341073989868164
5639,1,0.06907713413238525
5640,1,0.0018051862716674805
5641,1,0.028433799743652344
5642,1,1.0275828838348389
5643,1,1.2482376098632812
5644,1,0.001566767692565918
5645,1,0.9493198394775391
5646,1,0.0813455581665039
5647,1,0.6215659379959106
5648,1,0.12588739395141602
5649,1,1.0386934280395508
5650,1,0.0006399154663085938
5651,1,0.02361464500427246
5652,1,0.9211324453353882
5653,1,0.029114246368408203
5654,1,0.0017021894454956055
5655,1,1.5886151790618896
5656,1,3.7867980003356934
5657,1,0.0008401870727539062
5658,1,2.6447629928588867
5659,1,0.0017017126083374023
5660,1,0.010251402854919434
5661,1,0.0063092708587646484
5662,1,0.0022493600845336914
5663,1,0.005959749221801758
5664,1,0.7355804443359375
5665,1,1.1499998569488525
5666,1,0.7862076759338379
5667,1,0.47460341453552246
5668,1,0.10301709175109863
5669,1,0.2251143455505371
5670,1,1.1286064386367798
5671,1,0.006594657897949219
5672,1,0.7166693210601807
5673,1,0.01860332489013672
5674,1,2.1169471740722656
5675,1,0.011932849884033203
5676,1,0.25363779067993164
5677,1,0.024430394172668457
5678,1,0.8888850212097168
5679,1,0.1415882110595703
5680,1,0.11032319068908691
5681,1,0.42880773544311523
5682,1,0.3516080379486084
5683,1,0.030035018920898438
5684,1,0.6955633163452148
5685,1,0.057727932929992676
5686,1,0.03155684471130371
5687,1,0.008167743682861328
5688,1,1.7772598266601562
5689,1,0.0038313865661621094
5690,1,0.8700754642486572
5691,1,0.04358351230621338
5692,1,0.009037256240844727
5693,1,0.0011527538299560547
5694,1,0.039679527282714844
5695,1,0.14797556400299072
5696,1,0.7985308170318604
5697,1,0.01072537899017334
5698,1,1.1953039169311523
5699,1,0.023634910583496094
5700,1,0.010582923889160156
5701,1,0.06907594203948975
5702,1,0.8707065582275391
5703,1,0.010704874992370605
5704,1,0.9470558166503906
5705,1,0.015822887420654297
5706,1,0.7545852661132812
5707,1,0.4651705026626587
5708,1,0.002682924270629883
5709,1,0.08884429931640625
5710,1,0.02106618881225586
5711,1,0.033098816871643066
5712,1,0.021888256072998047
5713,1,0.7366251945495605
5714,1,1.5699864625930786
5715,1,0.4679677486419678
5716,1,0.006979465484619141
5717,1,0.9253749847412109
5718,1,0.010128378868103027
5719,1,0.003814101219177246
5720,1,0.081748366355896
5721,1,0.5324264764785767
5722,1,0.014252424240112305
5723,1,0.013934135437011719
5724,1,0.009482860565185547
5725,1,0.773290753364563
5726,1,2.125408172607422
5727,1,0.8745476007461548
5728,1,0.49455857276916504
5729,1,0.8362804651260376
5730,1,0.6562811136245728
5731,1,0.002770066261291504
5732,1,0.0011501312255859375
5733,1,0.006395936012268066
5734,1,1.5423266887664795
5735,1,1.0666961669921875
5736,1,0.4914419651031494
5737,1,0.3155782222747803
5738,1,0.04398155212402344
5739,1,0.6522092819213867
5740,1,1.3623073101043701
5741,1,0.02437877655029297
5742,1,1.161144495010376
5743,1,2.186460494995117
5744,1,0.417299747467041
5745,1,0.2498011589050293
5746,1,0.2848937511444092
5747,1,0.16853046417236328
5748,1,0.4436666965484619
5749,1,0.15053367614746094
5750,1,0.8386995792388916
5751,1,0.8450741767883301
5752,1,0.009829521179199219
5753,1,0.005263090133666992
5754,1,1.1222686767578125
5755,1,0.4775233268737793
5756,1,0.15676116943359375
5757,1,0.8392853736877441
5758,1,0.04416847229003906
5759,1,0.4358067512512207
5760,1,0.098907470703125
5761,1,0.5454378128051758
5762,1,0.17921829223632812
5763,1,0.03664112091064453
5764,1,0.009538650512695312
5765,1,0.013247847557067871
5766,1,0.023064136505126953
5767,1,0.003359079360961914
5768,1,0.03355598449707031
5769,1,0.027711868286132812
5770,1,0.023090362548828125
5771,1,0.06991934776306152
5772,1,1.2912616729736328
5773,1,0.013631343841552734
5774,1,0.5273809432983398
5775,1,1.2865567207336426
5776,1,0.014351963996887207
5777,1,0.11859512329101562
5778,1,0.00818932056427002
5779,1,0.015234112739562988
5780,1,0.022665798664093018
5781,1,1.2994571924209595
5782,1,0.007950186729431152
5783,1,0.016587495803833008
5784,1,0.004333317279815674
5785,1,0.004297018051147461
5786,1,1.4330463409423828
5787,1,0.002467632293701172
5788,1,1.474985957145691
5789,1,1.4563753604888916
5790,1,0.5796685814857483
5791,1,0.0009784698486328125
5792,1,0.7914528846740723
5793,1,0.003507375717163086
5794,1,0.12326812744140625
5795,1,1.140315055847168
5796,1,0.9125313758850098
5797,1,0.0027649402618408203
5798,1,2.395120143890381
5799,1,0.8921726942062378
5800,1,0.003268599510192871
5801,1,1.017634630203247
5802,1,0.9907219409942627
5803,1,1.1940152645111084
5804,1,0.21300137042999268
5805,1,0.003248453140258789
5806,1,0.0032731294631958008
5807,1,0.923090934753418
5808,1,0.012488722801208496
5809,1,0.7982807159423828
5810,1,0.1442652940750122
5811,1,0.017608165740966797
5812,1,0.003394007682800293
5813,1,0.22212398052215576
5814,1,1.2335823774337769
5815,1,0.9754856824874878
5816,1,0.002678513526916504
5817,1,0.07413482666015625
5818,1,0.005222439765930176
5819,1,0.002646803855895996
5820,1,0.004024863243103027
5821,1,0.12420797348022461
5822,1,0.13065719604492188
5823,1,0.0007874965667724609
5824,1,0.013856649398803711
5825,1,0.08999085426330566
5826,1,0.004531145095825195
5827,1,1.8985531330108643
5828,1,0.8515055179595947
5829,1,0.039820194244384766
5830,1,0.0029523372650146484
5831,1,0.1902773380279541
5832,1,0.0422215461730957
5833,1,0.11663484573364258
5834,1,0.0030649900436401367
5835,1,0.41766810417175293
5836,1,0.7201614379882812
5837,1,0.06376194953918457
5838,1,0.16079282760620117
5839,1,0.1064910888671875
5840,1,1.2103300094604492
5841,1,0.24179744720458984
5842,1,0.5161783695220947
5843,1,0.014666318893432617
5844,1,0.005117654800415039
5845,1,0.17879867553710938
5846,1,0.007263660430908203
5847,1,1.3884258270263672
5848,1,0.10426127910614014
5849,1,0.6150703430175781
5850,1,0.2603139877319336
5851,1,0.9181480407714844
5852,1,0.027652263641357422
5853,1,0.22132444381713867
5854,1,0.6249232292175293
5855,1,0.012502193450927734
5856,1,0.022118330001831055
5857,1,0.005597114562988281
5858,1,0.146398663520813
5859,1,0.27457427978515625
5860,1,1.0832111835479736
5861,1,0.3649146556854248
5862,1,0.08594691753387451
5863,1,0.14301586151123047
5864,1,0.00544285774230957
5865,1,0.00160980224609375
5866,1,0.03715205192565918
5867,1,0.2531149387359619
5868,1,0.38446712493896484
5869,1,0.013238906860351562
5870,1,0.05118203163146973
5871,1,1.064415454864502
5872,1,0.48531174659729004
5873,1,0.018605828285217285
5874,1,0.03784048557281494
5875,1,0.0009211301803588867
5876,1,1.2550663948059082
5877,1,0.0846865177154541
5878,1,0.0009906888008117676
5879,1,0.0010482072830200195
5880,1,0.09548354148864746
5881,1,0.02888774871826172
5882,1,0.446086049079895
5883,1,0.007511138916015625
5884,1,0.31125617027282715
5885,1,0.03991901874542236
5886,1,1.055069088935852
5887,1,0.01786959171295166
5888,1,0.4030423164367676
5889,1,0.3314169645309448
5890,1,0.01439058780670166
5891,1,1.3478065729141235
5892,1,0.25731444358825684
5893,1,0.004839420318603516
5894,1,0.296295166015625
5895,1,0.06313824653625488
5896,1,0.0006102323532104492
5897,1,0.0600816011428833
5898,1,0.0033022165298461914
5899,1,0.7745399475097656
5900,1,1.3878955841064453
5901,1,0.0006074309349060059
5902,1,0.002662062644958496
5903,1,0.9979478716850281
5904,1,0.0010210275650024414
5905,1,0.005403637886047363
5906,1,0.0031545162200927734
5907,1,0.8330637216567993
5908,1,1.218193531036377
5909,1,0.002102196216583252
5910,1,0.0022379159927368164
5911,1,0.06927013397216797
5912,1,0.013595044612884521
5913,1,0.0859939455986023
5914,1,1.898421049118042
5915,1,0.001851797103881836
5916,1,0.058798015117645264
5917,1,0.9841232299804688
5918,1,2.5401129722595215
5919,1,2.0001869201660156
5920,1,0.8279260396957397
5921,1,0.023973703384399414
5922,1,0.06120026111602783
5923,1,1.6216425895690918
5924,1,0.0008651018142700195
5925,1,0.10658073425292969
5926,1,0.001313924789428711
5927,1,0.004208087921142578
5928,1,0.0009491443634033203
5929,1,0.5389423370361328
5930,1,0.213983416557312
5931,1,1.5954771041870117
5932,1,0.6650513410568237
5933,1,0.5979509353637695
5934,1,1.4540984630584717
5935,1,0.8140456080436707
5936,1,0.5128750801086426
5937,1,0.010729312896728516
5938,1,0.05189645290374756
5939,1,0.8249145746231079
5940,1,0.06010746955871582
5941,1,0.48668473958969116
5942,1,0.0036019086837768555
5943,1,0.0274200439453125
5944,1,0.0006589889526367188
5945,1,1.0048942565917969
5946,1,0.10859644412994385
5947,1,0.3599846363067627
5948,1,0.634002685546875
5949,1,0.030777812004089355
5950,1,1.2349255084991455
5951,1,0.009863495826721191
5952,1,0.01432657241821289
5953,1,0.0075359344482421875
5954,1,0.07461738586425781
5955,1,0.024063944816589355
5956,1,0.10817623138427734
5957,1,0.011403560638427734
5958,1,1.0131921768188477
5959,1,0.8200240135192871
5960,1,0.03006887435913086
5961,1,0.01744985580444336
5962,1,0.02788442373275757
5963,1,1.7755022048950195
5964,1,0.0013878345489501953
5965,1,0.019752860069274902
5966,1,2.1275157928466797
5967,1,0.00947880744934082
5968,1,1.4864044189453125
5969,1,1.2786645889282227
5970,1,0.003738999366760254
5971,1,1.0770866870880127
5972,1,0.07797098159790039
5973,1,0.4072355031967163
5974,1,0.16701889038085938
5975,1,0.0037599802017211914
5976,1,0.5056986808776855
5977,1,0.004271984100341797
5978,1,0.44505393505096436
5979,1,0.0034711360931396484
5980,1,1.2832813262939453
5981,1,0.6841773986816406
5982,1,0.004503369331359863
5983,1,0.34225547313690186
5984,1,0.09459805488586426
5985,1,0.019859790802001953
5986,1,0.007252812385559082
5987,1,0.0009943246841430664
5988,1,0.01605057716369629
5989,1,0.6365151405334473
5990,1,0.0014469623565673828
5991,1,0.010691165924072266
5992,1,0.4731788635253906
5993,1,0.012126922607421875
5994,1,0.009458422660827637
5995,1,0.00667572021484375
5996,1,0.02284419536590576
5997,1,0.16151142120361328
5998,1,0.1493281126022339
5999,1,0.04331803321838379
6000,1,0.1329822540283203
6001,1,0.03665661811828613
6002,1,3.8128662109375
6003,1,0.0029339194297790527
6004,1,0.6737947463989258
6005,1,0.010104179382324219
6006,1,0.26721620559692383
6007,1,0.10101950168609619
6008,1,0.44351720809936523
6009,1,0.002788543701171875
6010,1,0.08701813220977783
6011,1,1.163869857788086
6012,1,0.003294229507446289
6013,1,0.3803138732910156
6014,1,0.7036844491958618
6015,1,0.006513833999633789
6016,1,0.001572728157043457
6017,1,0.8983516693115234
6018,1,1.145141363143921
6019,1,0.0202329158782959
6020,1,0.0029489994049072266
6021,1,1.0642253160476685
6022,1,0.011108160018920898
6023,1,1.1488754749298096
6024,1,0.022767186164855957
6025,1,1.2450878620147705
6026,1,0.0034813880920410156
6027,1,0.4398536682128906
6028,1,0.03333139419555664
6029,1,0.00380551815032959
6030,1,0.25284600257873535
6031,1,1.005950927734375
6032,1,0.6439404487609863
6033,1,0.006941080093383789
6034,1,0.3831535577774048
6035,1,0.4456291198730469
6036,1,0.16133075952529907
6037,1,1.2829866409301758
6038,1,0.09849071502685547
6039,1,1.3929822444915771
6040,1,0.002674579620361328
6041,1,0.0017671585083007812
6042,1,0.012944340705871582
6043,1,0.5294300317764282
6044,1,1.1571179628372192
6045,1,0.3603377342224121
6046,1,0.023262858390808105
6047,1,0.013118743896484375
6048,1,0.15235090255737305
6049,1,0.21948373317718506
6050,1,0.007941246032714844
6051,1,0.44802308082580566
6052,1,0.03803586959838867
6053,1,0.056915879249572754
6054,1,0.02312469482421875
6055,1,0.4371757507324219
6056,1,0.050333261489868164
6057,1,0.003977537155151367
6058,1,0.356670618057251
6059,1,0.38784217834472656
6060,1,0.04416227340698242
6061,1,1.940683364868164
6062,1,0.06243610382080078
6063,1,0.153519868850708
6064,1,0.016124486923217773
6065,1,0.002963542938232422
6066,1,1.9630117416381836
6067,1,0.044884681701660156
6068,1,0.0027223825454711914
6069,1,0.0018754005432128906
6070,1,0.4572402238845825
6071,1,0.00367891788482666
6072,1,0.01440572738647461
6073,1,0.005202531814575195
6074,1,0.7443121671676636
6075,1,0.001412510871887207
6076,1,0.56005859375
6077,1,0.0019473433494567871
6078,1,0.04694795608520508
6079,1,0.002385377883911133
6080,1,0.002532958984375
6081,1,0.001990795135498047
6082,1,0.025233805179595947
6083,1,0.0012782812118530273
6084,1,1.2347559928894043
6085,1,0.9264830946922302
6086,1,0.1651782989501953
6087,1,0.2380005121231079
6088,1,0.09591925144195557
6089,1,0.0009539127349853516
6090,1,1.201730489730835
6091,1,0.0014508962631225586
6092,1,0.006770491600036621
6093,1,0.008185148239135742
6094,1,0.0015392303466796875
6095,1,0.0014342069625854492
6096,1,0.008760929107666016
6097,1,0.024868369102478027
6098,1,1.794348120689392
6099,1,0.42648041248321533
6100,1,0.0012733936309814453
6101,1,1.4219117164611816
6102,1,0.01154094934463501
6103,1,3.0789036750793457
6104,1,0.004762172698974609
6105,1,0.011992692947387695
6106,1,1.287008285522461
6107,1,1.5947937965393066
6108,1,0.0074007511138916016
6109,1,0.20912832021713257
6110,1,0.7206006050109863
6111,1,0.02022033929824829
6112,1,0.8002313375473022
6113,1,0.800718367099762
6114,1,0.09242033958435059
6115,1,0.004355430603027344
6116,1,0.0037419795989990234
6117,1,0.0019757747650146484
6118,1,0.06388205289840698
6119,1,1.3318283557891846
6120,1,1.231095790863037
6121,1,0.709384560585022
6122,1,0.01334083080291748
6123,1,1.1941829919815063
6124,1,1.9250452518463135
6125,1,0.014676690101623535
6126,1,0.8071937561035156
6127,1,0.8072021007537842
6128,1,0.4055824279785156
6129,1,0.022085905075073242
6130,1,0.2011241912841797
6131,1,0.12325108051300049
6132,1,0.0028368234634399414
6133,1,0.0016608238220214844
6134,1,0.0017575621604919434
6135,1,0.07547283172607422
6136,1,0.021580219268798828
6137,1,0.10145306587219238
6138,1,0.0546567440032959
6139,1,0.0016700029373168945
6140,1,0.6028062105178833
6141,1,0.009841203689575195
6142,1,0.002537369728088379
6143,1,0.1503753662109375
6144,1,0.03882408142089844
6145,1,0.8499026298522949
6146,1,0.46709513664245605
6147,1,0.0034731030464172363
6148,1,0.001953125
6149,1,0.23276233673095703
6150,1,0.6625337600708008
6151,1,0.0021649599075317383
6152,1,0.01027446985244751
6153,1,0.009470939636230469
6154,1,0.013222455978393555
6155,1,0.8315287232398987
6156,1,0.6212042570114136
6157,1,0.7860084772109985
6158,1,1.4741805791854858
6159,1,1.3021314144134521
6160,1,0.0036616921424865723
6161,1,0.7678515911102295
6162,1,0.003976762294769287
6163,1,0.05462944507598877
6164,1,0.04992961883544922
6165,1,1.0374128818511963
6166,1,0.915802538394928
6167,1,0.0008227825164794922
6168,1,1.3007326126098633
6169,1,0.0036972761154174805
6170,1,0.9876854419708252
6171,1,0.003509044647216797
6172,1,0.0016376972198486328
6173,1,0.017934143543243408
6174,1,0.8857444524765015
6175,1,1.7705976963043213
6176,1,1.0546714067459106
6177,1,1.0987482070922852
6178,1,0.002343297004699707
6179,1,0.4121723175048828
6180,1,0.38074833154678345
6181,1,0.03575897216796875
6182,1,0.033287882804870605
6183,1,0.09946292638778687
6184,1,1.0767977237701416
6185,1,0.035967350006103516
6186,1,0.3058156967163086
6187,1,0.49181830883026123
6188,1,0.08808624744415283
6189,1,0.04578208923339844
6190,1,0.0008151531219482422
6191,1,0.02525031566619873
6192,1,0.21722376346588135
6193,1,0.6224937438964844
6194,1,0.011535406112670898
6195,1,1.294719934463501
6196,1,0.6664273738861084
6197,1,0.022557497024536133
6198,1,1.1585283279418945
6199,1,1.5241378545761108
6200,1,0.0017401576042175293
6201,1,0.984876811504364
6202,1,0.016626954078674316
6203,1,0.26548826694488525
6204,1,0.07657980918884277
6205,1,0.39055538177490234
6206,1,0.09634709358215332
6207,1,0.8874270915985107
6208,1,0.04123282432556152
6209,1,0.0020482540130615234
6210,1,1.3836708068847656
6211,1,0.008904457092285156
6212,1,0.03141021728515625
6213,1,0.06854987144470215
6214,1,0.035563111305236816
6215,1,1.4991941452026367
6216,1,0.011953115463256836
6217,1,1.0562015771865845
6218,1,0.4940534830093384
6219,1,0.6352636814117432
6220,1,0.006668984889984131
6221,1,1.6171760559082031
6222,1,0.0034924745559692383
6223,1,0.258927583694458
6224,1,1.3894647359848022
6225,1,0.0031228065490722656
6226,1,0.009340047836303711
6227,1,0.0009669661521911621
6228,1,0.5512808561325073
6229,1,1.3539185523986816
6230,1,0.7637726068496704
6231,1,0.299349844455719
6232,1,0.008139729499816895
6233,1,0.03023672103881836
6234,1,0.06442350149154663
6235,1,0.06773090362548828
6236,1,0.000572502613067627
6237,1,0.0013434886932373047
6238,1,0.003037095069885254
6239,1,0.7608301043510437
6240,1,0.007489562034606934
6241,1,0.03622031211853027
6242,1,0.02767324447631836
6243,1,0.5853734016418457
6244,1,0.0031213760375976562
6245,1,0.005396127700805664
6246,1,0.05165684223175049
6247,1,0.005931973457336426
6248,1,1.3366994857788086
6249,1,0.23391735553741455
6250,1,0.8400249481201172
6251,1,0.8249994516372681
6252,1,0.004642903804779053
6253,1,0.0033449530601501465
6254,1,0.011596322059631348
6255,1,0.0019411444664001465
6256,1,1.354382038116455
6257,1,0.1262277364730835
6258,1,0.9705069065093994
6259,1,1.312336802482605
6260,1,0.8549184799194336
6261,1,0.003920316696166992
6262,1,0.48308610916137695
6263,1,1.1137763261795044
6264,1,0.42425572872161865
6265,1,0.02038288116455078
6266,1,1.3341593742370605
6267,1,0.015544652938842773
6268,1,0.009388089179992676
6269,1,1.3891985416412354
6270,1,0.018595218658447266
6271,1,1.1591849327087402
6272,1,0.0054988861083984375
6273,1,0.5836069583892822
6274,1,1.8664815425872803
6275,1,0.8416116237640381
6276,1,0.008987665176391602
6277,1,0.21462011337280273
6278,1,0.09292817115783691
6279,1,0.06640076637268066
6280,1,0.22983670234680176
6281,1,0.16461992263793945
6282,1,0.6857923269271851
6283,1,0.023106932640075684
6284,1,0.013274908065795898
6285,1,1.0927314758300781
6286,1,0.7423323392868042
6287,1,0.05922126770019531
6288,1,1.4265861511230469
6289,1,0.031363487243652344
6290,1,0.008900880813598633
6291,1,0.13076865673065186
6292,1,0.0134507417678833
6293,1,0.08314085006713867
6294,1,0.002490520477294922
6295,1,0.014542579650878906
6296,1,0.8637256622314453
6297,1,0.32499146461486816
6298,1,0.024514198303222656
6299,1,0.07954549789428711
6300,1,0.0019415616989135742
6301,1,1.3119027614593506
6302,1,0.6092863082885742
6303,1,0.008810997009277344
6304,1,0.0410609245300293
6305,1,0.7233381271362305
6306,1,0.028411388397216797
6307,1,0.1693582534790039
6308,1,0.538195013999939
6309,1,0.1544865369796753
6310,1,1.2700719833374023
6311,1,1.3515641689300537
6312,1,0.11381900310516357
6313,1,0.6271476745605469
6314,1,0.6323764324188232
6315,1,0.022318661212921143
6316,1,0.01093912124633789
6317,1,0.3283590078353882
6318,1,1.2748427391052246
6319,1,0.01026928424835205
6320,1,0.6259677410125732
6321,1,0.7618309259414673
6322,1,1.2772846221923828
6323,1,0.006072402000427246
6324,1,0.292148232460022
6325,1,0.8963050842285156
6326,1,1.6463613510131836
6327,1,0.005789995193481445
6328,1,0.028239727020263672
6329,1,0.4280579090118408
6330,1,0.7073385715484619
6331,1,0.027847766876220703
6332,1,0.11952662467956543
6333,1,0.14650344848632812
6334,1,0.044387221336364746
6335,1,0.08318519592285156
6336,1,0.01725029945373535
6337,1,1.2772560119628906
6338,1,0.033959150314331055
6339,1,0.0031540393829345703
6340,1,0.0765228271484375
6341,1,0.05245018005371094
6342,1,0.006156444549560547
6343,1,0.0034923553466796875
6344,1,0.46737372875213623
6345,1,1.262425422668457
6346,1,0.014535725116729736
6347,1,0.0709267258644104
6348,1,0.01820504665374756
6349,1,1.2650792598724365
6350,1,0.012087106704711914
6351,1,1.3124213218688965
6352,1,0.0014268755912780762
6353,1,0.004185676574707031
6354,1,0.0014305710792541504
6355,1,0.003414750099182129
6356,1,0.002400338649749756
6357,1,0.6282991766929626
6358,1,0.39038288593292236
6359,1,0.02144443988800049
6360,1,0.3821263313293457
6361,1,0.07027578353881836
6362,1,1.6791578531265259
6363,1,0.0014762580394744873
6364,1,0.007793247699737549
6365,1,0.9936760067939758
6366,1,0.005368649959564209
6367,1,0.0013378262519836426
6368,1,0.1778883934020996
6369,1,0.42299509048461914
6370,1,0.8694555759429932
6371,1,1.7533786296844482
6372,1,1.862874150276184
6373,1,0.13601404428482056
6374,1,1.0295326709747314
6375,1,0.052039146423339844
6376,1,0.07091712951660156
6377,1,0.2696315050125122
6378,1,1.8549450635910034
6379,1,0.03310275077819824
6380,1,0.6170064806938171
6381,1,1.2394399642944336
6382,1,0.8144134283065796
6383,1,0.7132445573806763
6384,1,0.1469130516052246
6385,1,0.01784980297088623
6386,1,0.0012308955192565918
6387,1,0.02977299690246582
6388,1,1.6299946308135986
6389,1,0.0036039352416992188
6390,1,0.4029079079627991
6391,1,0.19470596313476562
6392,1,0.5512330532073975
6393,1,0.448333740234375
6394,1,0.02193242311477661
6395,1,0.014069020748138428
6396,1,0.0052901506423950195
6397,1,0.008230209350585938
6398,1,0.3324146270751953
6399,1,0.006732940673828125
6400,1,0.7886712551116943
6401,1,0.6955115795135498
6402,1,0.009511113166809082
6403,1,0.004444718360900879
6404,1,1.0195326805114746
6405,1,0.20541143417358398
6406,1,0.6936165690422058
6407,1,0.0033522844314575195
6408,1,1.443180799484253
6409,1,0.3704540729522705
6410,1,0.016775846481323242
6411,1,1.987372636795044
6412,1,0.5770483016967773
6413,1,1.4800423383712769
6414,1,0.005965232849121094
6415,1,0.4704704284667969
6416,1,0.20635223388671875
6417,1,0.3562965393066406
6418,1,0.07690566778182983
6419,1,0.038664817810058594
6420,1,0.02020883560180664
6421,1,0.7028388977050781
6422,1,0.00738978385925293
6423,1,0.11574673652648926
6424,1,0.004075288772583008
6425,1,0.11766338348388672
6426,1,0.011551380157470703
6427,1,0.4781179428100586
6428,1,0.004544496536254883
6429,1,0.008690834045410156
6430,1,0.9478569030761719
6431,1,3.333749771118164
6432,1,0.018238067626953125
6433,1,0.0017158985137939453
6434,1,0.0041887760162353516
6435,1,0.029328227043151855
6436,1,0.03602242469787598
6437,1,0.033182621002197266
6438,1,0.0067931413650512695
6439,1,0.13150519132614136
6440,1,0.019878387451171875
6441,1,0.11523008346557617
6442,1,0.0010648369789123535
6443,1,0.7137115001678467
6444,1,0.9699185490608215
6445,1,0.8136008977890015
6446,1,0.8011934757232666
6447,1,0.0009247064590454102
6448,1,0.0035030245780944824
6449,1,0.0025009512901306152
6450,1,1.0690523386001587
6451,1,0.8513765335083008
6452,1,0.028466463088989258
6453,1,0.002932608127593994
6454,1,0.013236522674560547
6455,1,0.010824203491210938
6456,1,0.007428288459777832
6457,1,0.0025908946990966797
6458,1,1.7455523014068604
6459,1,1.277573823928833
6460,1,0.17809581756591797
6461,1,0.003151834011077881
6462,1,0.6815016269683838
6463,1,0.4921324849128723
6464,1,0.012833833694458008
6465,1,0.0049915313720703125
6466,1,1.3726444244384766
6467,1,1.5622925758361816
6468,1,0.19193339347839355
6469,1,0.008670687675476074
6470,1,1.5409619808197021
6471,1,0.006135106086730957
6472,1,0.3465152978897095
6473,1,0.010980844497680664
6474,1,0.4190216064453125
6475,1,2.70855712890625
6476,1,0.4661407470703125
6477,1,0.6843945980072021
6478,1,0.22504186630249023
6479,1,0.5967099666595459
6480,1,0.1958155632019043
6481,1,0.030090808868408203
6482,1,0.004094541072845459
6483,1,0.7861137390136719
6484,1,0.047364234924316406
6485,1,0.756953239440918
6486,1,0.5673754215240479
6487,1,0.0034409761428833008
6488,1,0.20219075679779053
6489,1,0.0014851093292236328
6490,1,0.0026570558547973633
6491,1,0.04693150520324707
6492,1,0.0396728515625
6493,1,0.0017052888870239258
6494,1,0.0047075748443603516
6495,1,0.0027603507041931152
6496,1,0.12429976463317871
6497,1,0.0563734769821167
6498,1,0.9810620546340942
6499,1,0.006331205368041992
6500,1,0.28385239839553833
6501,1,0.0022782087326049805
6502,1,0.9793791770935059
6503,1,0.5751320719718933
6504,1,0.0029882192611694336
6505,1,1.8110358715057373
6506,1,0.05972027778625488
6507,1,1.284387469291687
6508,1,0.06757199764251709
6509,1,0.11230754852294922
6510,1,0.015006184577941895
6511,1,0.9624814987182617
6512,1,0.0021829605102539062
6513,1,0.7569866180419922
6514,1,0.07424914836883545
6515,1,0.23606431484222412
6516,1,0.8573644161224365
6517,1,0.014952421188354492
6518,1,0.007534503936767578
6519,1,0.7462406158447266
6520,1,0.642115592956543
6521,1,0.031784772872924805
6522,1,1.8756141662597656
6523,1,1.0317273139953613
6524,1,0.002547740936279297
6525,1,0.0027849674224853516
6526,1,0.9169282913208008
6527,1,0.01398468017578125
6528,1,0.014718055725097656
6529,1,0.23544883728027344
6530,1,0.033347129821777344
6531,1,0.038191795349121094
6532,1,0.8186619281768799
6533,1,2.1909921169281006
6534,1,0.523834228515625
6535,1,0.2642967700958252
6536,1,0.003634214401245117
6537,1,0.04469013214111328
6538,1,0.006231546401977539
6539,1,2.240894317626953
6540,1,0.19152522087097168
6541,1,1.0095348358154297
6542,1,0.005002737045288086
6543,1,0.04530525207519531
6544,1,0.0016589164733886719
6545,1,0.19887661933898926
6546,1,0.055001020431518555
6547,1,0.0029953718185424805
6548,1,0.004288196563720703
6549,1,0.0026150941848754883
6550,1,0.1361762285232544
6551,1,0.7423861026763916
6552,1,0.5631816387176514
6553,1,0.8344149589538574
6554,1,0.003882884979248047
6555,1,0.01465296745300293
6556,1,0.7197686433792114
6557,1,0.004670381546020508
6558,1,0.03509020805358887
6559,1,0.6223536729812622
6560,1,1.2255046367645264
6561,1,0.01919102668762207
6562,1,1.6996232271194458
6563,1,0.03028726577758789
6564,1,0.004401445388793945
6565,1,0.004978537559509277
6566,1,0.7296222448348999
6567,1,0.15929293632507324
6568,1,0.9240065813064575
6569,1,0.021392345428466797
6570,1,1.1208832263946533
6571,1,0.19536519050598145
6572,1,0.0014712810516357422
6573,1,0.14393913745880127
6574,1,0.01808607578277588
6575,1,0.008601188659667969
6576,1,0.021665334701538086
6577,1,0.012583017349243164
6578,1,0.008658289909362793
6579,1,0.01290273666381836
6580,1,0.8782367706298828
6581,1,1.1155797243118286
6582,1,0.8296699523925781
6583,1,0.8131852149963379
6584,1,0.045554161071777344
6585,1,0.041277170181274414
6586,1,0.20621401071548462
6587,1,1.3860793113708496
6588,1,0.005221843719482422
6589,1,0.011393904685974121
6590,1,0.6667652130126953
6591,1,0.4589729905128479
6592,1,0.2568310499191284
6593,1,0.27620959281921387
6594,1,1.470640778541565
6595,1,0.0762486457824707
6596,1,0.001023411750793457
6597,1,0.04642045497894287
6598,1,1.3091270923614502
6599,1,0.006450176239013672
6600,1,0.003800034523010254
6601,1,0.04418337345123291
6602,1,1.2366430759429932
6603,1,0.15659213066101074
6604,1,0.0007996559143066406
6605,1,1.020376205444336
6606,1,0.39493703842163086
6607,1,0.18921732902526855
6608,1,0.0031955838203430176
6609,1,0.007251381874084473
6610,1,0.0008351802825927734
6611,1,0.06768465042114258
6612,1,1.6434804201126099
6613,1,0.025632858276367188
6614,1,1.0000343322753906
6615,1,0.6214828491210938
6616,1,0.56070876121521
6617,1,0.008524417877197266
6618,1,0.026761531829833984
6619,1,0.0012563467025756836
6620,1,0.01638007164001465
6621,1,0.01586174964904785
6622,1,0.9883298873901367
6623,1,0.007009983062744141
6624,1,0.05099368095397949
6625,1,0.016552090644836426
6626,1,0.13556933403015137
6627,1,0.001165628433227539
6628,1,0.024579524993896484
6629,1,0.011320829391479492
6630,1,0.02215433120727539
6631,1,0.07601714134216309
6632,1,1.583701729774475
6633,1,1.5349706411361694
6634,1,1.1882872581481934
6635,1,0.0007853507995605469
6636,1,1.1704566478729248
6637,1,0.39303112030029297
6638,1,0.09766387939453125
6639,1,1.4240539073944092
6640,1,0.006688117980957031
6641,1,0.6486868858337402
6642,1,0.566678524017334
6643,1,0.013408660888671875
6644,1,1.1779468059539795
6645,1,1.8866024017333984
6646,1,1.4809856414794922
6647,1,0.022998809814453125
6648,1,0.01132965087890625
6649,1,0.2557492256164551
6650,1,0.14251184463500977
6651,1,0.006116390228271484
6652,1,0.08396482467651367
6653,1,0.15073895454406738
6654,1,0.004965305328369141
6655,1,0.006584644317626953
6656,1,0.029299259185791016
6657,1,0.9977090358734131
6658,1,1.005521297454834
6659,1,0.021892309188842773
6660,1,0.2583045959472656
6661,1,0.007766246795654297
6662,1,0.039678096771240234
6663,1,0.35325050354003906
6664,1,0.004563808441162109
6665,1,0.14739418029785156
6666,1,0.0068569183349609375
6667,1,0.17599248886108398
6668,1,0.05096578598022461
6669,1,0.6936855316162109
6670,1,0.007865428924560547
6671,1,1.2062082290649414
6672,1,1.7499809265136719
6673,1,0.017096519470214844
6674,1,1.304356336593628
6675,1,0.2391986846923828
6676,1,0.005727529525756836
6677,1,0.019588708877563477
6678,1,0.0074138641357421875
6679,1,0.5961048603057861
6680,1,0.7298476696014404
6681,1,0.001455545425415039
6682,1,0.21248841285705566
6683,1,0.4100170135498047
6684,1,1.3418054580688477
6685,1,0.002830028533935547
6686,1,0.20586156845092773
6687,1,2.6229422092437744
6688,1,1.1500153541564941
6689,1,2.3139100074768066
6690,1,1.283604383468628
6691,1,0.1418313980102539
6692,1,1.5007765293121338
6693,1,1.009669303894043
6694,1,0.01013040542602539
6695,1,0.34854555130004883
6696,1,0.38784122467041016
6697,1,0.019903182983398438
6698,1,0.0064544677734375
6699,1,0.8509612083435059
6700,1,0.019128799438476562
6701,1,0.046779632568359375
6702,1,0.28801441192626953
6703,1,1.1384005546569824
6704,1,0.16890478134155273
6705,1,0.012956619262695312
6706,1,0.04157829284667969
6707,1,0.01715850830078125
6708,1,0.006407260894775391
6709,1,1.3560962677001953
6710,1,0.23972082138061523
6711,1,0.03547048568725586
6712,1,0.009292125701904297
6713,1,0.02562403678894043
6714,1,1.3427696228027344
6715,1,0.0026460886001586914
6716,1,0.17796564102172852
6717,1,0.900658369064331
6718,1,0.031250953674316406
6719,1,0.023429393768310547
6720,1,0.9195679426193237
6721,1,0.17961740493774414
6722,1,0.8358697891235352
6723,1,0.007386207580566406
6724,1,0.5836162567138672
6725,1,0.00993049144744873
6726,1,1.2507448196411133
6727,1,0.0053195953369140625
6728,1,0.04952073097229004
6729,1,0.9073473215103149
6730,1,0.8998928070068359
6731,1,0.6397924423217773
6732,1,0.44264984130859375
6733,1,0.3565772771835327
6734,1,0.013980388641357422
6735,1,0.24266815185546875
6736,1,0.016421794891357422
6737,1,1.8125460147857666
6738,1,0.050753116607666016
6739,1,0.011861562728881836
6740,1,0.010642051696777344
6741,1,0.7720553874969482
6742,1,0.13993120193481445
6743,1,0.0020394325256347656
6744,1,1.0663728713989258
6745,1,0.290485143661499
6746,1,0.6443066596984863
6747,1,0.47958922386169434
6748,1,1.1307488679885864
6749,1,0.4109184741973877
6750,1,0.04599356651306152
6751,1,1.627936601638794
6752,1,0.00905311107635498
6753,1,0.026291608810424805
6754,1,0.013669013977050781
6755,1,0.8218388557434082
6756,1,0.004668474197387695
6757,1,0.899674654006958
6758,1,0.0197751522064209
6759,1,0.30717039108276367
6760,1,0.026355743408203125
6761,1,0.8354144096374512
6762,1,1.119330644607544
6763,1,0.0034521818161010742
6764,1,0.005980849266052246
6765,1,0.022643089294433594
6766,1,0.016656875610351562
6767,1,0.004420280456542969
6768,1,0.007902145385742188
6769,1,0.03011035919189453
6770,1,0.0023055076599121094
6771,1,2.354501962661743
6772,1,0.009301185607910156
6773,1,0.7809075117111206
6774,1,0.004908323287963867
6775,1,0.6304776668548584
6776,1,1.0808663368225098
6777,1,0.8835650682449341
6778,1,0.9706354141235352
6779,1,0.006323099136352539
6780,1,1.4599609375
6781,1,0.21852874755859375
6782,1,0.1912822723388672
6783,1,0.15787887573242188
6784,1,0.0285797119140625
6785,1,0.07707357406616211
6786,1,0.1799623966217041
6787,1,0.5089259147644043
6788,1,0.0066013336181640625
6789,1,0.1715627908706665
6790,1,0.6287370920181274
6791,1,0.8538527488708496
6792,1,0.007094144821166992
6793,1,0.9625505208969116
6794,1,0.47490453720092773
6795,1,0.5554788112640381
6796,1,1.072163462638855
6797,1,1.5436019897460938
6798,1,0.056472182273864746
6799,1,0.31412720680236816
6800,1,0.574144721031189
6801,1,0.004231452941894531
6802,1,0.04230856895446777
6803,1,0.015505790710449219
6804,1,1.4115722179412842
6805,1,1.463301181793213
6806,1,0.960216760635376
6807,1,0.2915220260620117
6808,1,0.03779935836791992
6809,1,0.04154515266418457
6810,1,0.4745016098022461
6811,1,0.7274470329284668
6812,1,0.00864410400390625
6813,1,0.983065128326416
6814,1,0.6320452690124512
6815,1,0.6412782669067383
6816,1,0.053475379943847656
6817,1,0.6295404434204102
6818,1,1.70538330078125
6819,1,0.01451873779296875
6820,1,0.7994647026062012
6821,1,0.04320335388183594
6822,1,0.8076419830322266
6823,1,0.05660438537597656
6824,1,0.48146820068359375
6825,1,0.6651782989501953
6826,1,0.6056919097900391
6827,1,1.146728515625
6828,1,0.61181640625
6829,1,0.48723697662353516
6830,1,0.16530990600585938
6831,1,0.07733154296875
6832,1,0.4864654541015625
6833,1,0.5663108825683594
6834,1,0.06534957885742188
6835,1,0.653533935546875
6836,1,0.4543943405151367
6837,1,0.2534017562866211
6838,1,0.060891151428222656
6839,1,0.438507080078125
6840,1,0.6452655792236328
6841,1,0.0589141845703125
6842,1,0.8195419311523438
6843,1,0.2712898254394531
6844,1,0.461273193359375
6845,1,0.12942981719970703
6846,1,0.9139251708984375
6847,1,0.23473358154296875
6848,1,0.016894817352294922
6849,1,0.00952768325805664
6850,1,0.3394660949707031
6851,1,0.07901620864868164
6852,1,0.6686384677886963
6853,1,0.010814666748046875
6854,1,0.30930447578430176
6855,1,0.5633268356323242
6856,1,0.47354769706726074
6857,1,0.024415254592895508
6858,1,0.034572601318359375
6859,1,0.7609283924102783
6860,1,0.02592635154724121
6861,1,1.5400187969207764
6862,1,0.0038101673126220703
6863,1,1.260782241821289
6864,1,0.5951759815216064
6865,1,0.0016071796417236328
6866,1,1.0255074501037598
6867,1,0.3839912414550781
6868,1,0.14367163181304932
6869,1,0.002786993980407715
6870,1,0.002087235450744629
6871,1,0.002340555191040039
6872,1,0.1052403450012207
6873,1,0.06375956535339355
6874,1,0.004041910171508789
6875,1,0.005446314811706543
6876,1,1.266622543334961
6877,1,0.0014770030975341797
6878,1,0.7254655361175537
6879,1,0.12565875053405762
6880,1,0.10706150531768799
6881,1,0.40102195739746094
6882,1,0.8687185049057007
6883,1,0.0020138025283813477
6884,1,0.017980217933654785
6885,1,0.051932692527770996
6886,1,0.444976806640625
6887,1,0.8722798824310303
6888,1,0.013998270034790039
6889,1,0.006410837173461914
6890,1,0.6703386306762695
6891,1,0.08447229862213135
6892,1,2.4901742935180664
6893,1,0.42108750343322754
6894,1,0.005019426345825195
6895,1,0.0026792287826538086
6896,1,0.38086068630218506
6897,1,0.005322813987731934
6898,1,0.010452985763549805
6899,1,0.6422766447067261
6900,1,0.004437685012817383
6901,1,1.0432227849960327
6902,1,0.34897565841674805
6903,1,0.2934842109680176
6904,1,0.016148805618286133
6905,1,2.993192672729492
6906,1,0.002981424331665039
6907,1,0.10782480239868164
6908,1,0.15513968467712402
6909,1,0.6900477409362793
6910,1,0.022563695907592773
6911,1,0.6282589435577393
6912,1,0.11616754531860352
6913,1,0.7229464054107666
6914,1,0.04038822650909424
6915,1,0.0012155771255493164
6916,1,0.7672715187072754
6917,1,0.023732304573059082
6918,1,0.002636432647705078
6919,1,1.0110063552856445
6920,1,0.01614522933959961
6921,1,0.0017114877700805664
6922,1,0.18638336658477783
6923,1,0.05712890625
6924,1,0.004549622535705566
6925,1,0.06259536743164062
6926,1,0.006086826324462891
6927,1,0.025524377822875977
6928,1,0.3171963691711426
6929,1,0.5022993087768555
6930,1,1.6645560264587402
6931,1,1.8972649574279785
6932,1,1.237093448638916
6933,1,0.06537497043609619
6934,1,0.004639983177185059
6935,1,0.0010406970977783203
6936,1,0.0024052858352661133
6937,1,0.0603412389755249
6938,1,0.0053021907806396484
6939,1,0.5298410654067993
6940,1,0.8590580224990845
6941,1,0.011353850364685059
6942,1,0.47848641872406006
6943,1,0.009834885597229004
6944,1,0.0019311904907226562
6945,1,0.01732003688812256
6946,1,0.0020749568939208984
6947,1,0.0029119253158569336
6948,1,0.0031288862228393555
6949,1,1.6725249290466309
6950,1,1.1421940326690674
6951,1,1.2659003734588623
6952,1,0.007098793983459473
6953,1,0.05181276798248291
6954,1,1.06998610496521
6955,1,0.5505645275115967
6956,1,0.23663830757141113
6957,1,0.38381826877593994
6958,1,0.005827665328979492
6959,1,0.004507899284362793
6960,1,1.066082239151001
6961,1,0.012298941612243652
6962,1,0.8391677141189575
6963,1,0.91892409324646
6964,1,0.035294413566589355
6965,1,0.16120672225952148
6966,1,0.031587839126586914
6967,1,0.0064334869384765625
6968,1,0.15151071548461914
6969,1,0.388641357421875
6970,1,0.2706259489059448
6971,1,1.0987358093261719
6972,1,0.9135222434997559
6973,1,0.7031619548797607
6974,1,0.0020284652709960938
6975,1,0.035039424896240234
6976,1,0.24358272552490234
6977,1,0.5270565748214722
6978,1,0.7911361455917358
6979,1,0.46061980724334717
6980,1,1.0987529754638672
6981,1,0.002366781234741211
6982,1,0.01875138282775879
6983,1,0.18427181243896484
6984,1,0.12139129638671875
6985,1,1.2978920936584473
6986,1,0.10947513580322266
6987,1,0.01777052879333496
6988,1,0.13601350784301758
6989,1,0.022357463836669922
6990,1,0.0062525272369384766
6991,1,0.0029497146606445312
6992,1,0.0037674903869628906
6993,1,0.0461888313293457
6994,1,0.06200110912322998
6995,1,1.112473726272583
6996,1,0.011758565902709961
6997,1,0.71817946434021
6998,1,0.819571852684021
6999,1,0.00276792049407959
7000,1,0.5505735874176025
7001,1,1.0323987007141113
7002,1,0.048313140869140625
7003,1,0.01401829719543457
7004,1,0.0009601116180419922
7005,1,0.002592802047729492
7006,1,0.8112585544586182
7007,1,2.519519567489624
7008,1,0.9159393310546875
7009,1,0.04508233070373535
7010,1,0.0013941526412963867
7011,1,0.8478925228118896
7012,1,0.012385129928588867
7013,1,0.8652117252349854
7014,1,0.48302698135375977
7015,1,0.4382333755493164
7016,1,0.36339592933654785
7017,1,0.0229189395904541
7018,1,0.022005796432495117
7019,1,0.12336969375610352
7020,1,0.04274797439575195
7021,1,0.12028622627258301
7022,1,0.026078224182128906
7023,1,2.3359389305114746
7024,1,0.008893728256225586
7025,1,0.6253491640090942
7026,1,2.5517196655273438
7027,1,0.003494858741760254
7028,1,0.023319482803344727
7029,1,0.810236930847168
7030,1,0.29437971115112305
7031,1,0.3510270118713379
7032,1,0.017339348793029785
7033,1,0.009043216705322266
7034,1,0.017720460891723633
7035,1,0.003041505813598633
7036,1,0.004425168037414551
7037,1,0.009190082550048828
7038,1,0.007842063903808594
7039,1,0.01454472541809082
7040,1,0.2761831283569336
7041,1,0.13991904258728027
7042,1,0.00370025634765625
7043,1,0.7580883502960205
7044,1,0.003332972526550293
7045,1,1.2452949285507202
7046,1,0.3964749574661255
7047,1,0.3610646724700928
7048,1,0.4325103759765625
7049,1,1.1793928146362305
7050,1,0.03501284122467041
7051,1,0.5085741281509399
7052,1,0.007976531982421875
7053,1,0.4358595609664917
7054,1,0.19430065155029297
7055,1,2.722698211669922
7056,1,0.03754854202270508
7057,1,1.2214986085891724
7058,1,0.010625362396240234
7059,1,0.01726508140563965
7060,1,0.5034000873565674
7061,1,0.3297915458679199
7062,1,0.5684599876403809
7063,1,0.06308555603027344
7064,1,0.0663607120513916
7065,1,0.150671124458313
7066,1,1.1374049186706543
7067,1,0.17405962944030762
7068,1,0.07382607460021973
7069,1,0.015564441680908203
7070,1,0.34566783905029297
7071,1,0.0018584728240966797
7072,1,0.0027074813842773438
7073,1,0.9913194179534912
7074,1,0.08914518356323242
7075,1,0.4395582675933838
7076,1,0.01708078384399414
7077,1,0.44576144218444824
7078,1,1.7677185535430908
7079,1,0.0013675689697265625
7080,1,1.0217351913452148
7081,1,0.11007976531982422
7082,1,0.6012718677520752
7083,1,0.7161412239074707
7084,1,0.0020411014556884766
7085,1,0.2909817695617676
7086,1,0.13524580001831055
7087,1,0.011368274688720703
7088,1,1.0553622245788574
7089,1,0.3069040775299072
7090,1,1.721703052520752
7091,1,0.2584877014160156
7092,1,1.4456253051757812
7093,1,2.078782558441162
7094,1,0.020267963409423828
7095,1,0.738494873046875
7096,1,1.24428129196167
7097,1,0.21209716796875
7098,1,0.03916645050048828
7099,1,0.020882606506347656
7100,1,0.06271171569824219
7101,1,0.47228240966796875
7102,1,0.23944473266601562
7103,1,0.6913766860961914
7104,1,0.17398643493652344
7105,1,0.0588226318359375
7106,1,0.2821826934814453
7107,1,0.2913665771484375
7108,1,2.1923694610595703
7109,1,0.9068145751953125
7110,1,0.017253875732421875
7111,1,0.017602920532226562
7112,1,0.12521934509277344
7113,1,0.017267227172851562
7114,1,0.42576026916503906
7115,1,0.1817007064819336
7116,1,1.2719306945800781
7117,1,0.9408540725708008
7118,1,1.0211992263793945
7119,1,0.1572437286376953
7120,1,1.1746826171875
7121,1,0.1578998565673828
7122,1,0.055649757385253906
7123,1,0.2734994888305664
7124,1,0.7827081680297852
7125,1,0.15687084197998047
7126,1,0.9601378440856934
7127,1,0.06114006042480469
7128,1,0.15084457397460938
7129,1,0.05418682098388672
7130,1,0.048492431640625
7131,1,0.17577743530273438
7132,1,0.8075060844421387
7133,1,0.013010501861572266
7134,1,0.25203704833984375
7135,1,0.013339519500732422
7136,1,0.0063152313232421875
7137,1,0.025484561920166016
7138,1,0.009198665618896484
7139,1,0.2773604393005371
7140,1,0.01839137077331543
7141,1,1.3261356353759766
7142,1,0.7544956207275391
7143,1,0.7405433654785156
7144,1,0.23949432373046875
7145,1,0.30208420753479004
7146,1,0.20784378051757812
7147,1,0.8765807151794434
7148,1,0.0036492347717285156
7149,1,0.003618001937866211
7150,1,0.10636758804321289
7151,1,0.01790785789489746
7152,1,0.6667890548706055
7153,1,1.3778228759765625
7154,1,0.006491184234619141
7155,1,0.01550149917602539
7156,1,0.15534639358520508
7157,1,0.005334377288818359
7158,1,0.006833076477050781
7159,1,0.3203010559082031
7160,1,0.05845355987548828
7161,1,0.051496028900146484
7162,1,0.012880325317382812
7163,1,0.05446147918701172
7164,1,0.020167827606201172
7165,1,0.11488819122314453
7166,1,0.9899959564208984
7167,1,0.5374355316162109
7168,1,0.005196094512939453
7169,1,0.06357717514038086
7170,1,0.0046863555908203125
7171,1,0.38959360122680664
7172,1,0.009305953979492188
7173,1,0.008963584899902344
7174,1,0.02129220962524414
7175,1,0.004439353942871094
7176,1,0.39632129669189453
7177,1,0.002222299575805664
7178,1,0.006913423538208008
7179,1,0.03830122947692871
7180,1,0.8248729705810547
7181,1,0.14420175552368164
7182,1,1.2753448486328125
7183,1,1.2801203727722168
7184,1,0.8349461555480957
7185,1,0.3054170608520508
7186,1,0.002069234848022461
7187,1,1.2533338069915771
7188,1,1.8484230041503906
7189,1,0.005101442337036133
7190,1,0.05771303176879883
7191,1,0.9630470275878906
7192,1,0.35454845428466797
7193,1,0.008246898651123047
7194,1,0.05866718292236328
7195,1,0.0040776729583740234
7196,1,0.6201725006103516
7197,1,0.0065822601318359375
7198,1,0.7998178005218506
7199,1,0.009115457534790039
7200,1,0.2783784866333008
7201,1,0.3900911808013916
7202,1,1.0087146759033203
7203,1,0.0037546157836914062
7204,1,0.01930379867553711
7205,1,0.012272834777832031
7206,1,0.05773448944091797
7207,1,1.0664777755737305
7208,1,0.018365859985351562
7209,1,0.0032973289489746094
7210,1,0.8750710487365723
7211,1,0.0034685134887695312
7212,1,0.011656761169433594
7213,1,0.022972583770751953
7214,1,1.1169734001159668
7215,1,1.4896938800811768
7216,1,0.7802829742431641
7217,1,0.13163018226623535
7218,1,0.025745630264282227
7219,1,0.20726394653320312
7220,1,0.008206605911254883
7221,1,0.003775358200073242
7222,1,1.247586727142334
7223,1,0.034336090087890625
7224,1,0.5937042236328125
7225,1,0.002398967742919922
7226,1,0.12138581275939941
7227,1,0.09731388092041016
7228,1,0.002485036849975586
7229,1,0.002666473388671875
7230,1,1.6992008686065674
7231,1,0.18256616592407227
7232,1,0.023777484893798828
7233,1,0.03155183792114258
7234,1,0.006682157516479492
7235,1,0.4278583526611328
7236,1,0.2810792922973633
7237,1,0.0027327537536621094
7238,1,0.007872343063354492
7239,1,0.004611015319824219
7240,1,0.7545270919799805
7241,1,2.202942132949829
7242,1,0.49150073528289795
7243,1,0.011999130249023438
7244,1,0.011855125427246094
7245,1,0.0350651741027832
7246,1,0.8588724136352539
7247,1,0.01061546802520752
7248,1,0.3413517475128174
7249,1,1.0067217350006104
7250,1,0.004004836082458496
7251,1,0.016147851943969727
7252,1,1.3989310264587402
7253,1,0.9268044233322144
7254,1,0.012495756149291992
7255,1,0.11516094207763672
7256,1,0.36223554611206055
7257,1,1.2710323333740234
7258,1,1.5717048645019531
7259,1,1.125722885131836
7260,1,0.006374359130859375
7261,1,0.38175201416015625
7262,1,0.25687122344970703
7263,1,0.011487483978271484
7264,1,0.007763504981994629
7265,1,0.06512069702148438
7266,1,0.36027300357818604
7267,1,0.009246587753295898
7268,1,0.009830355644226074
7269,1,0.0032002925872802734
7270,1,0.00783085823059082
7271,1,0.22547268867492676
7272,1,0.005223870277404785
7273,1,0.007950663566589355
7274,1,1.6137787103652954
7275,1,2.4760382175445557
7276,1,2.7383508682250977
7277,1,1.1877633333206177
7278,1,0.7302432060241699
7279,1,0.12149703502655029
7280,1,0.02529287338256836
7281,1,1.935244083404541
7282,1,0.003103494644165039
7283,1,0.021277904510498047
7284,1,0.0020606517791748047
7285,1,0.40437936782836914
7286,1,0.9320111274719238
7287,1,1.4272184371948242
7288,1,0.0010095834732055664
7289,1,0.00415802001953125
7290,1,0.03608274459838867
7291,1,0.029819011688232422
7292,1,1.285637378692627
7293,1,0.7158873081207275
7294,1,0.010828733444213867
7295,1,0.003188014030456543
7296,1,0.0014119148254394531
7297,1,0.004555225372314453
7298,1,0.7343502044677734
7299,1,0.2682919502258301
7300,1,0.003320455551147461
7301,1,0.21075987815856934
7302,1,0.00733494758605957
7303,1,0.010698676109313965
7304,1,0.21326446533203125
7305,1,0.0252377986907959
7306,1,0.09064054489135742
7307,1,0.0024622678756713867
7308,1,0.009692668914794922
7309,1,0.003815293312072754
7310,1,0.033257246017456055
7311,1,2.4957163333892822
7312,1,1.077964186668396
7313,1,0.43032169342041016
7314,1,0.0535731315612793
7315,1,0.00197756290435791
7316,1,0.001988053321838379
7317,1,0.3339487314224243
7318,1,0.003826141357421875
7319,1,0.014787673950195312
7320,1,0.061701297760009766
7321,1,0.002123236656188965
7322,1,0.0017687082290649414
7323,1,0.0011935234069824219
7324,1,0.02434253692626953
7325,1,0.0018436312675476074
7326,1,0.430667519569397
7327,1,0.014857232570648193
7328,1,0.0020584464073181152
7329,1,0.0008876323699951172
7330,1,0.9833384156227112
7331,1,2.510348320007324
7332,1,0.4183562994003296
7333,1,0.09734547138214111
7334,1,0.04952859878540039
7335,1,0.34450864791870117
7336,1,1.2263126373291016
7337,1,0.13667654991149902
7338,1,0.0036649703979492188
7339,1,0.9202728271484375
7340,1,0.09056365489959717
7341,1,0.057416677474975586
7342,1,0.028003811836242676
7343,1,0.23663341999053955
7344,1,0.009401082992553711
7345,1,1.1527318954467773
7346,1,0.2923154830932617
7347,1,0.06165111064910889
7348,1,0.0257418155670166
7349,1,0.04026365280151367
7350,1,1.560249924659729
7351,1,0.12271749973297119
7352,1,0.0019186139106750488
7353,1,0.6760004758834839
7354,1,1.938812255859375
7355,1,0.005428016185760498
7356,1,0.022901296615600586
7357,1,0.002258598804473877
7358,1,0.000518500804901123
7359,1,0.009143471717834473
7360,1,0.9599171876907349
7361,1,0.022853612899780273
7362,1,0.7762727737426758
7363,1,0.002397775650024414
7364,1,0.868334174156189
7365,1,0.5338497161865234
7366,1,0.03606986999511719
7367,1,0.8543476462364197
7368,1,2.938957452774048
7369,1,0.07059574127197266
7370,1,0.003888249397277832
7371,1,0.02686941623687744
7372,1,0.1259446144104004
7373,1,0.008460044860839844
7374,1,1.6339406967163086
7375,1,0.001790761947631836
7376,1,0.3485236167907715
7377,1,0.9024388790130615
7378,1,1.654876708984375
7379,1,0.010039329528808594
7380,1,1.2041888236999512
7381,1,0.21480464935302734
7382,1,0.012601137161254883
7383,1,1.0112543106079102
7384,1,0.03395485877990723
7385,1,1.311400294303894
7386,1,0.002179384231567383
7387,1,0.017805814743041992
7388,1,1.3931255340576172
7389,1,0.8546476364135742
7390,1,0.0021064281463623047
7391,1,0.5655808448791504
7392,1,0.36486947536468506
7393,1,0.03785550594329834
7394,1,0.012110471725463867
7395,1,0.12526440620422363
7396,1,0.02445852756500244
7397,1,0.31314826011657715
7398,1,1.07806396484375
7399,1,0.32768869400024414
7400,1,1.6290159225463867
7401,1,0.002545773983001709
7402,1,1.0677094459533691
7403,1,0.002137899398803711
7404,1,0.41161268949508667
7405,1,0.0027674436569213867
7406,1,0.012984037399291992
7407,1,0.01428675651550293
7408,1,0.1521286964416504
7409,1,1.0644054412841797
7410,1,0.021089017391204834
7411,1,0.030640602111816406
7412,1,0.689079999923706
7413,1,2.439748525619507
7414,1,0.1247398853302002
7415,1,0.008373856544494629
7416,1,0.0031052827835083008
7417,1,0.25181102752685547
7418,1,0.7208324670791626
7419,1,0.0006850957870483398
7420,1,0.037204861640930176
7421,1,0.0027511119842529297
7422,1,0.0018506050109863281
7423,1,0.004083037376403809
7424,1,0.0035632848739624023
7425,1,0.007710695266723633
7426,1,0.0006542205810546875
7427,1,0.004385948181152344
7428,1,0.0013960599899291992
7429,1,0.5671169757843018
7430,1,0.039467811584472656
7431,1,2.8529109954833984
7432,1,1.0510562658309937
7433,1,0.8214383125305176
7434,1,0.0010766983032226562
7435,1,0.0035904645919799805
7436,1,0.9813191890716553
7437,1,1.5552483797073364
7438,1,0.008119821548461914
7439,1,0.8960490226745605
7440,1,0.003080606460571289
7441,1,0.7671639919281006
7442,1,0.6868228912353516
7443,1,0.39896535873413086
7444,1,0.0963582992553711
7445,1,0.038442373275756836
7446,1,0.7721662521362305
7447,1,0.6182055473327637
7448,1,0.045290231704711914
7449,1,1.270242691040039
7450,1,0.4876880645751953
7451,1,0.0028679370880126953
7452,1,0.16861343383789062
7453,1,1.394545078277588
7454,1,0.5747146606445312
7455,1,0.04836559295654297
7456,1,0.02903604507446289
7457,1,0.027588605880737305
7458,1,0.7638664245605469
7459,1,0.2604789733886719
7460,1,0.8094043731689453
7461,1,0.00678253173828125
7462,1,0.48911237716674805
7463,1,0.143768310546875
7464,1,0.02015066146850586
7465,1,0.009083271026611328
7466,1,0.03763318061828613
7467,1,0.027609825134277344
7468,1,0.12016630172729492
7469,1,0.5745677947998047
7470,1,0.23456954956054688
7471,1,0.023819923400878906
7472,1,0.009326696395874023
7473,1,0.9697718620300293
7474,1,0.016142845153808594
7475,1,1.22479248046875
7476,1,0.00966644287109375
7477,1,1.0697145462036133
7478,1,0.6816929578781128
7479,1,0.0636301040649414
7480,1,0.0032792091369628906
7481,1,0.9574579000473022
7482,1,0.17938947677612305
7483,1,0.007069110870361328
7484,1,0.002949953079223633
7485,1,1.2212928533554077
7486,1,0.005744338035583496
7487,1,0.7153153419494629
7488,1,0.25411689281463623
7489,1,1.319891333580017
7490,1,0.05093669891357422
7491,1,1.3883018493652344
7492,1,0.00331878662109375
7493,1,0.7982635498046875
7494,1,0.002648472785949707
7495,1,0.004193782806396484
7496,1,0.004584193229675293
7497,1,0.008356571197509766
7498,1,0.008043289184570312
7499,1,0.040500640869140625
7500,1,0.12194323539733887
7501,1,0.014812350273132324
7502,1,1.2396626472473145
7503,1,0.0023393630981445312
7504,1,0.002850770950317383
7505,1,0.0034377574920654297
7506,1,0.8283318281173706
7507,1,0.02080094814300537
7508,1,0.07554340362548828
7509,1,1.4382864236831665
7510,1,0.1686110496520996
7511,1,0.0038547515869140625
7512,1,0.002080202102661133
7513,1,1.0616734027862549
7514,1,0.49066364765167236
7515,1,0.01718449592590332
7516,1,0.00929880142211914
7517,1,1.0715458393096924
7518,1,1.8983511924743652
7519,1,1.7993383407592773
7520,1,0.004603862762451172
7521,1,0.005433320999145508
7522,1,1.1069355010986328
7523,1,0.5910549163818359
7524,1,0.5612246990203857
7525,1,0.221771240234375
7526,1,0.27616918087005615
7527,1,0.15862655639648438
7528,1,0.0018305778503417969
7529,1,0.0256195068359375
7530,1,1.329606056213379
7531,1,0.0016148090362548828
7532,1,0.024478435516357422
7533,1,3.0071732997894287
7534,1,2.3630752563476562
7535,1,0.22076416015625
7536,1,0.014360189437866211
7537,1,0.0073719024658203125
7538,1,0.021677017211914062
7539,1,0.038629770278930664
7540,1,0.037427425384521484
7541,1,0.3700222969055176
7542,1,0.0067942142486572266
7543,1,0.057979583740234375
7544,1,0.9490914344787598
7545,1,0.042594075202941895
7546,1,0.495786190032959
7547,1,0.0029344558715820312
7548,1,0.20244598388671875
7549,1,0.00680088996887207
7550,1,0.07054662704467773
7551,1,1.3419952392578125
7552,1,0.00686192512512207
7553,1,0.587460994720459
7554,1,0.6161463260650635
7555,1,0.008774757385253906
7556,1,0.36861491203308105
7557,1,0.12019073963165283
7558,1,0.007777214050292969
7559,1,0.00179290771484375
7560,1,0.00872957706451416
7561,1,0.003407001495361328
7562,1,1.8357467651367188
7563,1,0.9753162860870361
7564,1,1.1918425559997559
7565,1,1.11106538772583
7566,1,0.15791833400726318
7567,1,0.05115830898284912
7568,1,0.6905763149261475
7569,1,0.009986639022827148
7570,1,1.3175764083862305
7571,1,1.342956781387329
7572,1,0.012834548950195312
7573,1,0.7445368766784668
7574,1,1.0748662948608398
7575,1,0.7585315704345703
7576,1,0.012597799301147461
7577,1,1.0258970260620117
7578,1,1.2690422534942627
7579,1,0.13872647285461426
7580,1,0.04341697692871094
7581,1,0.003068685531616211
7582,1,0.004669904708862305
7583,1,0.07287859916687012
7584,1,0.5281791687011719
7585,1,0.036853790283203125
7586,1,0.01511240005493164
7587,1,0.04067802429199219
7588,1,0.766061544418335
7589,1,0.0067005157470703125
7590,1,0.6095795631408691
7591,1,0.6818685531616211
7592,1,0.0448150634765625
7593,1,0.9620521068572998
7594,1,1.1558647155761719
7595,1,0.9658584594726562
7596,1,0.7901449203491211
7597,1,1.2451934814453125
7598,1,0.062494754791259766
7599,1,1.0657296180725098
7600,1,0.01000213623046875
7601,1,0.25226306915283203
7602,1,0.009682655334472656
7603,1,1.044729232788086
7604,1,0.0938873291015625
7605,1,0.3540496826171875
7606,1,0.9378561973571777
7607,1,0.3024139404296875
7608,1,0.0033545494079589844
7609,1,0.047339439392089844
7610,1,0.5628204345703125
7611,1,0.9183573722839355
7612,1,0.10375690460205078
7613,1,0.008840084075927734
7614,1,0.20686626434326172
7615,1,0.9111766815185547
7616,1,0.03404998779296875
7617,1,0.1504192352294922
7618,1,0.37377047538757324
7619,1,0.1980915069580078
7620,1,0.1128838062286377
7621,1,0.041015625
7622,1,0.20358514785766602
7623,1,0.021657943725585938
7624,1,0.3164021968841553
7625,1,0.053340911865234375
7626,1,0.09897089004516602
7627,1,0.007013559341430664
7628,1,0.45638346672058105
7629,1,0.9888896942138672
7630,1,0.025097370147705078
7631,1,0.5287744998931885
7632,1,1.0239992141723633
7633,1,0.01742696762084961
7634,1,0.0038695335388183594
7635,1,0.16212737560272217
7636,1,1.218186616897583
7637,1,0.2814657688140869
7638,1,0.3378293514251709
7639,1,0.09155786037445068
7640,1,0.3526737689971924
7641,1,1.2018966674804688
7642,1,0.048932552337646484
7643,1,0.3402007818222046
7644,1,0.13041841983795166
7645,1,0.4612770080566406
7646,1,0.06754481792449951
7647,1,0.005278348922729492
7648,1,0.7994041442871094
7649,1,0.0010368824005126953
7650,1,1.3417937755584717
7651,1,0.010537385940551758
7652,1,0.1106557846069336
7653,1,0.0005891323089599609
7654,1,0.1598958969116211
7655,1,0.021405577659606934
7656,1,0.0055446624755859375
7657,1,0.006850242614746094
7658,1,0.0020684003829956055
7659,1,1.4872663021087646
7660,1,0.0012878179550170898
7661,1,0.010794281959533691
7662,1,0.742072343826294
7663,1,0.15638184547424316
7664,1,0.04613447189331055
7665,1,0.4117230176925659
7666,1,0.18504905700683594
7667,1,0.835162878036499
7668,1,0.005970418453216553
7669,1,0.04446291923522949
7670,1,0.10185515880584717
7671,1,1.6280097961425781
7672,1,0.9094738960266113
7673,1,0.08568727970123291
7674,1,0.03493332862854004
7675,1,0.7741899490356445
7676,1,0.6713906526565552
7677,1,0.0006768703460693359
7678,1,0.01447206735610962
7679,1,0.012110352516174316
7680,1,0.1731339693069458
7681,1,0.0038433074951171875
7682,1,0.6019578576087952
7683,1,0.02473890781402588
7684,1,0.0182228684425354
7685,1,0.0219576358795166
7686,1,0.003833174705505371
7687,1,0.04699516296386719
7688,1,0.012541413307189941
7689,1,1.2690176963806152
7690,1,0.6569414138793945
7691,1,0.003201127052307129
7692,1,0.0007315874099731445
7693,1,1.8464138507843018
7694,1,0.9947813749313354
7695,1,0.0887293815612793
7696,1,0.5983409881591797
7697,1,0.006303548812866211
7698,1,0.0004939436912536621
7699,1,1.0307331085205078
7700,1,0.3664451837539673
7701,1,0.12584877014160156
7702,1,0.11492729187011719
7703,1,1.5924673080444336
7704,1,0.10794830322265625
7705,1,0.8120995759963989
7706,1,0.001263260841369629
7707,1,0.02600616216659546
7708,1,0.12347865104675293
7709,1,0.00834643840789795
7710,1,0.061745405197143555
7711,1,0.011030316352844238
7712,1,0.592134952545166
7713,1,1.2147135734558105
7714,1,0.09219050407409668
7715,1,0.5775356292724609
7716,1,0.000735163688659668
7717,1,0.018629491329193115
7718,1,1.3863916397094727
7719,1,0.35886722803115845
7720,1,0.006619453430175781
7721,1,0.00898885726928711
7722,1,0.5474288463592529
7723,1,0.9511476755142212
7724,1,0.03236222267150879
7725,1,0.0033129453659057617
7726,1,0.005048274993896484
7727,1,0.051355600357055664
7728,1,0.01385498046875
7729,1,0.13457173109054565
7730,1,1.3581962585449219
7731,1,0.0019429326057434082
7732,1,0.05423414707183838
7733,1,0.05923205614089966
7734,1,0.7258777618408203
7735,1,0.0708463191986084
7736,1,0.0022475719451904297
7737,1,1.242299199104309
7738,1,0.7476810812950134
7739,1,0.0014498233795166016
7740,1,0.017087459564208984
7741,1,0.05362129211425781
7742,1,0.0054582953453063965
7743,1,0.8294744491577148
7744,1,1.2589101791381836
7745,1,0.29431670904159546
7746,1,1.4809452295303345
7747,1,0.005601167678833008
7748,1,0.17497026920318604
7749,1,0.005719959735870361
7750,1,0.010699272155761719
7751,1,0.011663317680358887
7752,1,0.0025290846824645996
7753,1,2.1427345275878906
7754,1,0.0832604169845581
7755,1,0.048415422439575195
7756,1,0.27744197845458984
7757,1,1.061507225036621
7758,1,0.004114866256713867
7759,1,0.040811896324157715
7760,1,0.003602921962738037
7761,1,0.009560585021972656
7762,1,0.0029658079147338867
7763,1,0.16941440105438232
7764,1,0.004831969738006592
7765,1,0.34810739755630493
7766,1,0.016252458095550537
7767,1,0.6537508964538574
7768,1,0.6063109040260315
7769,1,0.576545238494873
7770,1,0.0009946823120117188
7771,1,0.0011150836944580078
7772,1,0.007625579833984375
7773,1,0.012117326259613037
7774,1,0.008449554443359375
7775,1,0.001747727394104004
7776,1,0.17556124925613403
7777,1,0.001379847526550293
7778,1,0.0016658902168273926
7779,1,1.1219754219055176
7780,1,0.0012750625610351562
7781,1,0.09261339902877808
7782,1,0.0011894702911376953
7783,1,0.0023752450942993164
7784,1,3.3658132553100586
7785,1,0.002273082733154297
7786,1,0.00045359134674072266
7787,1,0.0011080503463745117
7788,1,0.2106453776359558
7789,1,0.00047785043716430664
7790,1,0.012053132057189941
7791,1,0.03269481658935547
7792,1,0.0013544559478759766
7793,1,0.0009775161743164062
7794,1,0.0007957220077514648
7795,1,1.2456848621368408
7796,1,1.1642487049102783
7797,1,0.8640074133872986
7798,1,0.16745853424072266
7799,1,1.6770310401916504
7800,1,0.0007328391075134277
7801,1,1.445559024810791
7802,1,0.0013650059700012207
7803,1,0.01006162166595459
7804,1,0.04416537284851074
7805,1,0.0009958744049072266
7806,1,0.014236688613891602
7807,1,0.002646327018737793
7808,1,0.9371946454048157
7809,1,0.08766496181488037
7810,1,0.0027785897254943848
7811,1,0.0030976533889770508
7812,1,0.007445812225341797
7813,1,0.04153674840927124
7814,1,0.9274328947067261
7815,1,1.3317277431488037
7816,1,0.0005102753639221191
7817,1,1.0687191486358643
7818,1,1.153437852859497
7819,1,0.8469650745391846
7820,1,0.024099349975585938
7821,1,0.39746689796447754
7822,1,0.39145541191101074
7823,1,0.2616351842880249
7824,1,0.008751630783081055
7825,1,0.008492112159729004
7826,1,0.029087543487548828
7827,1,0.01586747169494629
7828,1,0.9170942306518555
7829,1,0.12247443199157715
7830,1,1.0209746360778809
7831,1,0.3161017894744873
7832,1,0.010689496994018555
7833,1,0.12071025371551514
7834,1,0.004361271858215332
7835,1,0.004594862461090088
7836,1,0.012097358703613281
7837,1,0.03666907548904419
7838,1,0.4011650085449219
7839,1,0.037834763526916504
7840,1,0.7301510572433472
7841,1,0.01226651668548584
7842,1,1.3779891729354858
7843,1,0.04703259468078613
7844,1,0.011250078678131104
7845,1,0.9755067825317383
7846,1,0.004799067974090576
7847,1,0.0029412508010864258
7848,1,0.018307805061340332
7849,1,0.0016976594924926758
7850,1,0.5444237589836121
7851,1,0.003072202205657959
7852,1,0.0080718994140625
7853,1,0.9879685640335083
7854,1,1.2359881401062012
7855,1,0.48119521141052246
7856,1,0.07045316696166992
7857,1,0.0003172457218170166
7858,1,1.1946496963500977
7859,1,0.003584146499633789
7860,1,1.2755146026611328
7861,1,0.001801908016204834
7862,1,0.004617452621459961
7863,1,1.2683615684509277
7864,1,0.8394742012023926
7865,1,1.0922224521636963
7866,1,0.006686747074127197
7867,1,1.194288730621338
7868,1,0.004731357097625732
7869,1,0.6040482521057129
7870,1,0.004351258277893066
7871,1,0.00072479248046875
7872,1,0.9408752918243408
7873,1,1.1092147827148438
7874,1,0.7708401679992676
7875,1,0.02088940143585205
7876,1,0.48044466972351074
7877,1,0.3320736885070801
7878,1,0.05531895160675049
7879,1,0.5788198113441467
7880,1,0.019318342208862305
7881,1,0.0010088682174682617
7882,1,0.03297853469848633
7883,1,0.04979896545410156
7884,1,0.22565603256225586
7885,1,0.06865692138671875
7886,1,0.5870333909988403
7887,1,0.10593271255493164
7888,1,0.84407639503479
7889,1,1.3133251667022705
7890,1,0.7007461786270142
7891,1,0.4429734945297241
7892,1,0.5871702432632446
7893,1,1.0797982215881348
7894,1,0.0031931400299072266
7895,1,0.05656099319458008
7896,1,0.09938931465148926
7897,1,0.3786478042602539
7898,1,0.09478521347045898
7899,1,0.030678391456604004
7900,1,1.3734674453735352
7901,1,0.16791772842407227
7902,1,0.007614731788635254
7903,1,0.0028223395347595215
7904,1,0.0496828556060791
7905,1,0.015978455543518066
7906,1,0.003915071487426758
7907,1,0.0574951171875
7908,1,0.783261239528656
7909,1,1.4696886539459229
7910,1,0.23763227462768555
7911,1,0.2562406659126282
7912,1,0.0010230541229248047
7913,1,0.07616984844207764
7914,1,0.0017847418785095215
7915,1,1.1175403594970703
7916,1,0.001171112060546875
7917,1,0.015131831169128418
7918,1,0.12495768070220947
7919,1,0.009128391742706299
7920,1,0.037882328033447266
7921,1,1.0272446870803833
7922,1,0.04654955863952637
7923,1,1.188699722290039
7924,1,0.006239175796508789
7925,1,0.0043700337409973145
7926,1,0.0024476051330566406
7927,1,2.478976011276245
7928,1,0.014881312847137451
7929,1,0.023850202560424805
7930,1,1.0087891817092896
7931,1,1.127121925354004
7932,1,0.0038189291954040527
7933,1,0.001175522804260254
7934,1,0.004020810127258301
7935,1,0.0038015246391296387
7936,1,0.6682758331298828
7937,1,0.0068492889404296875
7938,1,1.6409492492675781
7939,1,0.0016872286796569824
7940,1,0.0009522438049316406
7941,1,0.0028839111328125
7942,1,0.006030678749084473
7943,1,0.027086257934570312
7944,1,0.2334456443786621
7945,1,0.0006212592124938965
7946,1,0.38067734241485596
7947,1,0.009366750717163086
7948,1,0.9224923253059387
7949,1,0.0020630359649658203
7950,1,0.21460986137390137
7951,1,0.009101033210754395
7952,1,1.0286322832107544
7953,1,0.1710413098335266
7954,1,0.007917642593383789
7955,1,1.2220218181610107
7956,1,0.000697791576385498
7957,1,0.006779015064239502
7958,1,0.08315080404281616
7959,1,0.7572119235992432
7960,1,0.0036966800689697266
7961,1,1.2265822887420654
7962,1,0.12139296531677246
7963,1,0.21676301956176758
7964,1,2.0970773696899414
7965,1,0.2608761787414551
7966,1,1.751380443572998
7967,1,0.019441604614257812
7968,1,0.03120601177215576
7969,1,0.9131512641906738
7970,1,0.05803108215332031
7971,1,1.1568570137023926
7972,1,0.012091994285583496
7973,1,1.5414988994598389
7974,1,0.0020275115966796875
7975,1,0.21879196166992188
7976,1,2.2097153663635254
7977,1,0.0021396279335021973
7978,1,0.0011473894119262695
7979,1,0.015549063682556152
7980,1,0.00799870491027832
7981,1,0.6821269989013672
7982,1,0.014019012451171875
7983,1,1.7358179092407227
7984,1,0.01729130744934082
7985,1,0.048581719398498535
7986,1,0.042171597480773926
7987,1,0.0018246173858642578
7988,1,0.0047332048416137695
7989,1,0.009598731994628906
7990,1,0.006700277328491211
7991,1,0.0105973482131958
7992,1,0.08873271942138672
7993,1,0.0054242610931396484
7994,1,0.0013321638107299805
7995,1,0.025078654289245605
7996,1,0.005442380905151367
7997,1,0.0033620595932006836
7998,1,0.01880723237991333
7999,1,1.4558101892471313
8000,1,0.0294114351272583
8001,1,0.28197550773620605
8002,1,0.011879205703735352
8003,1,0.0036568641662597656
8004,1,0.0073108673095703125
8005,1,1.339177131652832
8006,1,0.0011600255966186523
8007,1,1.189988136291504
8008,1,0.0013866424560546875
8009,1,0.006616353988647461
8010,1,0.007052004337310791
8011,1,2.596125602722168
8012,1,0.6929500102996826
8013,1,1.2220513820648193
8014,1,0.0018471479415893555
8015,1,0.008039236068725586
8016,1,0.0004572272300720215
8017,1,0.003829479217529297
8018,1,1.0072917938232422
8019,1,0.0068329572677612305
8020,1,0.008462488651275635
8021,1,0.005165398120880127
8022,1,0.01389700174331665
8023,1,2.5480713844299316
8024,1,0.00048416852951049805
8025,1,0.0046575069427490234
8026,1,0.0028493404388427734
8027,1,0.9402077198028564
8028,1,0.26457977294921875
8029,1,0.31729525327682495
8030,1,0.0013219714164733887
8031,1,1.253174066543579
8032,1,0.6538116931915283
8033,1,0.014534950256347656
8034,1,0.009509384632110596
8035,1,1.891524314880371
8036,1,0.0004940032958984375
8037,1,1.0005874633789062
8038,1,0.9315099716186523
8039,1,0.0005831718444824219
8040,1,0.12619155645370483
8041,1,1.5789538621902466
8042,1,0.0004488229751586914
8043,1,0.9990856051445007
8044,1,0.8451840877532959
8045,1,0.011598706245422363
8046,1,0.0055828094482421875
8047,1,1.0157175064086914
8048,1,0.029787063598632812
8049,1,0.012030601501464844
8050,1,0.7389034032821655
8051,1,0.010808944702148438
8052,1,0.010266304016113281
8053,1,0.15810322761535645
8054,1,0.019036054611206055
8055,1,0.005145549774169922
8056,1,0.5693095326423645
8057,1,0.001950383186340332
8058,1,0.007795810699462891
8059,1,0.6975159645080566
8060,1,0.2198677659034729
8061,1,0.011884689331054688
8062,1,0.004641890525817871
8063,1,0.689154863357544
8064,1,1.1975741386413574
8065,1,0.002969026565551758
8066,1,0.44853872060775757
8067,1,0.016391277313232422
8068,1,1.368757963180542
8069,1,0.006853580474853516
8070,1,0.013900399208068848
8071,1,0.0015573501586914062
8072,1,0.8786153197288513
8073,1,0.003350496292114258
8074,1,0.0104445219039917
8075,1,0.0020793676376342773
8076,1,1.1769719123840332
8077,1,0.03237199783325195
8078,1,0.0028543472290039062
8079,1,0.014816462993621826
8080,1,0.18335437774658203
8081,1,1.3826770782470703
8082,1,1.305586576461792
8083,1,0.010145187377929688
8084,1,1.0741060972213745
8085,1,0.002110600471496582
8086,1,0.002196669578552246
8087,1,2.489786148071289
8088,1,0.003778696060180664
8089,1,2.11228346824646
8090,1,0.007128119468688965
8091,1,0.007912635803222656
8092,1,0.6534667015075684
8093,1,1.1895084381103516
8094,1,0.765485405921936
8095,1,0.8635702133178711
8096,1,0.00314939022064209
8097,1,0.8983535766601562
8098,1,0.2208651304244995
8099,1,0.06129813194274902
8100,1,0.07158708572387695
8101,1,0.5376980304718018
8102,1,0.008620023727416992
8103,1,0.0132828950881958
8104,1,0.18829822540283203
8105,1,0.01427602767944336
8106,1,0.5826303958892822
8107,1,1.049612045288086
8108,1,0.8170647621154785
8109,1,0.5635848045349121
8110,1,0.0030736923217773438
8111,1,0.3556485176086426
8112,1,1.2875933647155762
8113,1,2.2612228393554688
8114,1,0.004222869873046875
8115,1,0.42387938499450684
8116,1,0.020205974578857422
8117,1,0.5493137836456299
8118,1,1.4614734649658203
8119,1,0.020634770393371582
8120,1,0.022526025772094727
8121,1,0.03786885738372803
8122,1,0.0022842884063720703
8123,1,0.7734873294830322
8124,1,0.013559579849243164
8125,1,2.373382568359375
8126,1,1.068206787109375
8127,1,0.015851974487304688
8128,1,0.011394858360290527
8129,1,0.8811948299407959
8130,1,0.005418539047241211
8131,1,0.01128244400024414
8132,1,1.0413120985031128
8133,1,0.009910106658935547
8134,1,0.010302305221557617
8135,1,1.0522165298461914
8136,1,0.4116032123565674
8137,1,1.9881420135498047
8138,1,0.511150598526001
8139,1,0.03286778926849365
8140,1,0.04003870487213135
8141,1,0.005571722984313965
8142,1,0.21605491638183594
8143,1,0.9779053926467896
8144,1,0.7988014221191406
8145,1,0.7639908790588379
8146,1,0.36531829833984375
8147,1,0.06407558917999268
8148,1,0.09722185134887695
8149,1,0.053529977798461914
8150,1,0.007326245307922363
8151,1,1.3125035762786865
8152,1,0.11862373352050781
8153,1,0.3914170265197754
8154,1,0.02910161018371582
8155,1,1.7473678588867188
8156,1,0.02366352081298828
8157,1,0.04134321212768555
8158,1,0.7907412052154541
8159,1,0.0018429756164550781
8160,1,0.09076547622680664
8161,1,0.45426058769226074
8162,1,0.05896627902984619
8163,1,0.01982569694519043
8164,1,0.06077003479003906
8165,1,1.3454160690307617
8166,1,0.03253483772277832
8167,1,0.005406618118286133
8168,1,1.042734146118164
8169,1,0.004058957099914551
8170,1,1.4379796981811523
8171,1,0.004540860652923584
8172,1,0.6340464353561401
8173,1,0.49392879009246826
8174,1,1.5653963088989258
8175,1,0.7918663024902344
8176,1,0.3919639587402344
8177,1,1.09207022190094
8178,1,0.815828800201416
8179,1,0.017055630683898926
8180,1,0.01461946964263916
8181,1,0.4219191074371338
8182,1,0.35463881492614746
8183,1,0.00287783145904541
8184,1,0.4379042387008667
8185,1,0.08115553855895996
8186,1,0.05083298683166504
8187,1,0.036540985107421875
8188,1,0.018486618995666504
8189,1,0.016754746437072754
8190,1,0.33291029930114746
8191,1,0.005930840969085693
8192,1,0.006182491779327393
8193,1,0.6029849648475647
8194,1,0.015232086181640625
8195,1,0.29320573806762695
8196,1,1.0931217670440674
8197,1,1.687870979309082
8198,1,1.150671124458313
8199,1,0.000545799732208252
8200,1,0.8913919925689697
8201,1,1.6845877170562744
8202,1,0.0022802352905273438
8203,1,0.0033323168754577637
8204,1,1.922866702079773
8205,1,0.0034872889518737793
8206,1,0.00482785701751709
8207,1,1.013078212738037
8208,1,0.08052289485931396
8209,1,0.013659477233886719
8210,1,0.002441883087158203
8211,1,1.6315830945968628
8212,1,0.0039005279541015625
8213,1,0.0006148219108581543
8214,1,0.00414431095123291
8215,1,0.6252732276916504
8216,1,0.041524648666381836
8217,1,0.0026503801345825195
8218,1,0.008282661437988281
8219,1,0.7346690893173218
8220,1,0.003520965576171875
8221,1,0.09836828708648682
8222,1,1.190812110900879
8223,1,1.1678072214126587
8224,1,0.6708739995956421
8225,1,0.7171114683151245
8226,1,0.0831758975982666
8227,1,0.6368319392204285
8228,1,0.005454003810882568
8229,1,0.2551928758621216
8230,1,0.0027223825454711914
8231,1,1.2538042068481445
8232,1,0.00718379020690918
8233,1,0.7908456325531006
8234,1,0.19536113739013672
8235,1,0.009280681610107422
8236,1,2.096259117126465
8237,1,0.44643306732177734
8238,1,0.2803523540496826
8239,1,1.2437031269073486
8240,1,0.1191626787185669
8241,1,1.1099697351455688
8242,1,0.0463564395904541
8243,1,1.8783092498779297
8244,1,0.01095283031463623
8245,1,0.17261505126953125
8246,1,0.9907143115997314
8247,1,1.04572594165802
8248,1,1.481040596961975
8249,1,0.04242515563964844
8250,1,0.5467643737792969
8251,1,0.010650098323822021
8252,1,0.004219532012939453
8253,1,0.07527399063110352
8254,1,0.7424559593200684
8255,1,0.014804959297180176
8256,1,0.001523137092590332
8257,1,0.001293778419494629
8258,1,0.5678393840789795
8259,1,0.004304409027099609
8260,1,0.010192513465881348
8261,1,0.1568756103515625
8262,1,0.043636322021484375
8263,1,0.0028104782104492188
8264,1,0.6471939086914062
8265,1,0.005702376365661621
8266,1,0.011214733123779297
8267,1,0.004819393157958984
8268,1,0.30340003967285156
8269,1,0.0487520694732666
8270,1,0.4811187982559204
8271,1,0.7895784378051758
8272,1,1.330304503440857
8273,1,0.02592003345489502
8274,1,0.014273643493652344
8275,1,0.003344893455505371
8276,1,0.003279745578765869
8277,1,0.009975433349609375
8278,1,0.7893892526626587
8279,1,0.01154470443725586
8280,1,0.7029342651367188
8281,1,0.06055259704589844
8282,1,0.13630247116088867
8283,1,0.0009711980819702148
8284,1,0.017059385776519775
8285,1,1.0641028881072998
8286,1,0.6895081996917725
8287,1,0.010227322578430176
8288,1,0.015701770782470703
8289,1,0.013913094997406006
8290,1,2.352391004562378
8291,1,1.194555640220642
8292,1,0.7399612069129944
8293,1,0.0010903477668762207
8294,1,0.030078411102294922
8295,1,0.012292087078094482
8296,1,0.0018115043640136719
8297,1,0.0016366839408874512
8298,1,0.015944719314575195
8299,1,0.006247520446777344
8300,1,0.005314826965332031
8301,1,0.3293318748474121
8302,1,0.858889102935791
8303,1,0.002372264862060547
8304,1,0.18887686729431152
8305,1,0.7530642151832581
8306,1,0.0032635927200317383
8307,1,0.0016384124755859375
8308,1,3.165032386779785
8309,1,0.018286585807800293
8310,1,0.59382563829422
8311,1,0.8468307256698608
8312,1,0.0008591413497924805
8313,1,0.0009361505508422852
8314,1,1.5530729293823242
8315,1,0.004543125629425049
8316,1,1.1310882568359375
8317,1,0.0027672648429870605
8318,1,0.97027587890625
8319,1,0.8761234283447266
8320,1,0.5644223690032959
8321,1,0.08743655681610107
8322,1,1.16620671749115
8323,1,0.001817464828491211
8324,1,0.005045592784881592
8325,1,0.007577061653137207
8326,1,0.011491477489471436
8327,1,0.004325747489929199
8328,1,0.004253745079040527
8329,1,0.0005061626434326172
8330,1,0.3297826647758484
8331,1,0.0010006427764892578
8332,1,0.5560476779937744
8333,1,0.005329012870788574
8334,1,0.0014032721519470215
8335,1,0.08085334300994873
8336,1,0.028124570846557617
8337,1,0.008969128131866455
8338,1,0.5672128796577454
8339,1,0.2389202117919922
8340,1,1.1440188884735107
8341,1,1.023937463760376
8342,1,1.107619285583496
8343,1,0.00029164552688598633
8344,1,0.838507890701294
8345,1,0.002895653247833252
8346,1,0.01563405990600586
8347,1,0.0014257431030273438
8348,1,0.7230793833732605
8349,1,0.6049029231071472
8350,1,0.262090802192688
8351,1,0.002443552017211914
8352,1,1.0783445835113525
8353,1,0.28163522481918335
8354,1,0.041324734687805176
8355,1,0.009510338306427002
8356,1,0.04744553565979004
8357,1,0.004933595657348633
8358,1,0.005700111389160156
8359,1,1.4454432725906372
8360,1,1.4348995685577393
8361,1,0.00892031192779541
8362,1,0.006994068622589111
8363,1,0.0020688772201538086
8364,1,0.012767553329467773
8365,1,0.012311577796936035
8366,1,0.0012248754501342773
8367,1,0.9360873699188232
8368,1,1.4147998094558716
8369,1,1.2253015041351318
8370,1,0.0007202625274658203
8371,1,0.006734967231750488
8372,1,0.006862998008728027
8373,1,0.01611149311065674
8374,1,0.11319643259048462
8375,1,0.0009958148002624512
8376,1,1.1391406059265137
8377,1,0.007212638854980469
8378,1,1.2413215637207031
8379,1,0.004858851432800293
8380,1,0.038789451122283936
8381,1,0.027742743492126465
8382,1,0.9516420364379883
8383,1,0.48496317863464355
8384,1,0.02034294605255127
8385,1,0.02904343605041504
8386,1,0.006076037883758545
8387,1,0.08280909061431885
8388,1,0.5055564641952515
8389,1,1.0197491645812988
8390,1,0.020723789930343628
8391,1,1.1966524124145508
8392,1,1.3951294422149658
8393,1,0.0024560093879699707
8394,1,2.455742835998535
8395,1,0.0028725266456604004
8396,1,0.020761549472808838
8397,1,0.00046521425247192383
8398,1,1.3281211853027344
8399,1,0.013908624649047852
8400,1,0.005075812339782715
8401,1,1.775217056274414
8402,1,1.2616808414459229
8403,1,0.006646633148193359
8404,1,0.005970358848571777
8405,1,0.21518570184707642
8406,1,0.8035289645195007
8407,1,0.013706207275390625
8408,1,0.00041168928146362305
8409,1,0.00867009162902832
8410,1,1.789052128791809
8411,1,0.5609681606292725
8412,1,0.0014140009880065918
8413,1,0.008612632751464844
8414,1,0.5464949607849121
8415,1,0.00038373470306396484
8416,1,0.7733294367790222
8417,1,0.02732473611831665
8418,1,0.6551357507705688
8419,1,2.8785300254821777
8420,1,0.9851022958755493
8421,1,0.05596637725830078
8422,1,0.012631595134735107
8423,1,0.0005105137825012207
8424,1,0.0006453990936279297
8425,1,0.6669998168945312
8426,1,0.115509033203125
8427,1,0.004278004169464111
8428,1,0.020627737045288086
8429,1,1.2080589532852173
8430,1,0.018342018127441406
8431,1,0.0005736947059631348
8432,1,1.2362806797027588
8433,1,0.0004914999008178711
8434,1,0.034637510776519775
8435,1,0.02859950065612793
8436,1,0.0004451274871826172
8437,1,0.3173246383666992
8438,1,0.0025038719177246094
8439,1,0.366532564163208
8440,1,0.019002974033355713
8441,1,0.033721923828125
8442,1,0.028510630130767822
8443,1,0.00037866830825805664
8444,1,0.003648519515991211
8445,1,0.0015267133712768555
8446,1,0.005933403968811035
8447,1,1.0036917924880981
8448,1,0.15832042694091797
8449,1,0.01332402229309082
8450,1,0.001364588737487793
8451,1,0.0010649561882019043
8452,1,0.0004483461380004883
8453,1,0.0012566447257995605
8454,1,0.003386080265045166
8455,1,0.020343422889709473
8456,2,0.004217565059661865
8457,2,0.0016421079635620117
8458,2,0.00356370210647583
8459,2,0.122406005859375
8460,2,1.3535652160644531
8461,2,0.5455539226531982
8462,2,0.003771662712097168
8463,2,1.150197148323059
8464,2,2.791167974472046
8465,2,0.0016640126705169678
8466,2,0.0029073357582092285
8467,2,0.0015304088592529297
8468,2,0.0023881196975708008
8469,2,1.2758489847183228
8470,2,2.027688980102539
8471,2,0.002549588680267334
8472,2,0.0015183687210083008
8473,2,0.009988605976104736
8474,2,1.6418812274932861
8475,2,0.006361246109008789
8476,2,1.3249497413635254
8477,2,0.0020209550857543945
8478,2,1.159245252609253
8479,2,0.004036664962768555
8480,2,0.25673413276672363
8481,2,0.002119719982147217
8482,2,1.5120176076889038
8483,2,0.005608975887298584
8484,2,0.7027217149734497
8485,2,0.0007208585739135742
8486,2,0.0019232630729675293
8487,2,0.002785921096801758
8488,2,0.006086528301239014
8489,2,1.1080149412155151
8490,2,1.1859300136566162
8491,2,1.5158785581588745
8492,2,0.013837814331054688
8493,2,1.0961384773254395
8494,2,1.0365052223205566
8495,2,1.7656561136245728
8496,2,0.5815834403038025
8497,2,0.8246939182281494
8498,2,0.006100654602050781
8499,2,0.28559410572052
8500,2,0.4697723388671875
8501,2,1.3766076564788818
8502,2,0.015566110610961914
8503,2,1.5771980285644531
8504,2,0.009210944175720215
8505,2,0.011813044548034668
8506,2,0.35796308517456055
8507,2,0.9377503395080566
8508,2,1.0536601543426514
8509,2,0.007667064666748047
8510,2,0.895263671875
8511,2,0.07377219200134277
8512,2,0.018503427505493164
8513,2,0.05039858818054199
8514,2,0.6687593460083008
8515,2,0.008579850196838379
8516,2,0.08346438407897949
8517,2,0.04271233081817627
8518,2,0.011635065078735352
8519,2,0.0011844635009765625
8520,2,0.003441452980041504
8521,2,0.03076767921447754
8522,2,0.010332345962524414
8523,2,0.7643661499023438
8524,2,0.16692125797271729
8525,2,0.20358312129974365
8526,2,0.0053234100341796875
8527,2,1.0178570747375488
8528,2,0.8508148193359375
8529,2,0.28906822204589844
8530,2,0.27100563049316406
8531,2,0.09945058822631836
8532,2,0.13217222690582275
8533,2,0.009074568748474121
8534,2,0.017010092735290527
8535,2,0.14068233966827393
8536,2,0.0044443607330322266
8537,2,0.008058428764343262
8538,2,1.20768141746521
8539,2,0.7713937759399414
8540,2,0.010462403297424316
8541,2,0.00414043664932251
8542,2,1.192197561264038
8543,2,0.07654440402984619
8544,2,0.00481724739074707
8545,2,0.8372994661331177
8546,2,0.610100269317627
8547,2,0.0005580782890319824
8548,2,0.7043004035949707
8549,2,0.8323173522949219
8550,2,0.0445631742477417
8551,2,0.0006493330001831055
8552,2,0.1501699686050415
8553,2,0.5208438634872437
8554,2,0.38607943058013916
8555,2,0.00763392448425293
8556,2,0.8701471090316772
8557,2,0.008528590202331543
8558,2,0.014294862747192383
8559,2,0.04803466796875
8560,2,0.11863064765930176
8561,2,0.02669692039489746
8562,2,0.017466187477111816
8563,2,0.9710769653320312
8564,2,0.8558329343795776
8565,2,0.01306307315826416
8566,2,0.9016731977462769
8567,2,0.11362338066101074
8568,2,0.11191904544830322
8569,2,0.02637660503387451
8570,2,0.373523473739624
8571,2,1.7748498916625977
8572,2,0.22697830200195312
8573,2,0.004059791564941406
8574,2,0.030374526977539062
8575,2,0.27966928482055664
8576,2,0.00785207748413086
8577,2,0.0028696060180664062
8578,2,0.0043795108795166016
8579,2,2.2474212646484375
8580,2,1.5703215599060059
8581,2,0.027231931686401367
8582,2,0.0017572641372680664
8583,2,0.0796588659286499
8584,2,0.3933563232421875
8585,2,1.1364634037017822
8586,2,0.24644708633422852
8587,2,0.03362154960632324
8588,2,0.5172853469848633
8589,2,0.13459479808807373
8590,2,0.0011186599731445312
8591,2,0.002619624137878418
8592,2,0.02546238899230957
8593,2,1.1060261726379395
8594,2,0.851111650466919
8595,2,1.2255356311798096
8596,2,0.004980206489562988
8597,2,0.0027780532836914062
8598,2,0.7930707931518555
8599,2,0.0015196800231933594
8600,2,0.7492949962615967
8601,2,0.06730484962463379
8602,2,0.03797507286071777
8603,2,1.2835464477539062
8604,2,0.66607666015625
8605,2,0.0063784122467041016
8606,2,0.29099369049072266
8607,2,0.08068013191223145
8608,2,0.7641220092773438
8609,2,0.44983720779418945
8610,2,0.09411430358886719
8611,2,0.0484161376953125
8612,2,0.31750059127807617
8613,2,0.018565654754638672
8614,2,0.19598627090454102
8615,2,0.06892275810241699
8616,2,0.1631937026977539
8617,2,0.15050733089447021
8618,2,0.005066871643066406
8619,2,0.05207705497741699
8620,2,0.8734111785888672
8621,2,0.004277229309082031
8622,2,1.0381500720977783
8623,2,1.3175148963928223
8624,2,0.6065759658813477
8625,2,0.910365104675293
8626,2,0.0954122543334961
8627,2,0.08828854560852051
8628,2,0.002482175827026367
8629,2,0.02063608169555664
8630,2,0.01617598533630371
8631,2,0.04268980026245117
8632,2,0.21632790565490723
8633,2,0.03699159622192383
8634,2,1.6557574272155762
8635,2,0.07610321044921875
8636,2,0.4855388402938843
8637,2,0.002496004104614258
8638,2,0.2204035520553589
8639,2,0.025605440139770508
8640,2,2.1927080154418945
8641,2,0.36413002014160156
8642,2,1.5287138223648071
8643,2,1.2898213863372803
8644,2,0.004115581512451172
8645,2,0.6291600465774536
8646,2,0.08835768699645996
8647,2,0.0019315481185913086
8648,2,0.0008157491683959961
8649,2,0.07764935493469238
8650,2,0.003430604934692383
8651,2,0.0072138309478759766
8652,2,0.6510716676712036
8653,2,0.9652600288391113
8654,2,0.0067577362060546875
8655,2,0.013173103332519531
8656,2,0.4534940719604492
8657,2,0.01599907875061035
8658,2,1.6219154596328735
8659,2,0.6766725778579712
8660,2,0.829681396484375
8661,2,0.029338717460632324
8662,2,0.003149688243865967
8663,2,0.018561363220214844
8664,2,0.7403221130371094
8665,2,1.1138219833374023
8666,2,0.0012423992156982422
8667,2,0.10781574249267578
8668,2,0.014399528503417969
8669,2,1.289828896522522
8670,2,0.004682421684265137
8671,2,2.3675689697265625
8672,2,0.0032120943069458008
8673,2,0.012737274169921875
8674,2,1.233768105506897
8675,2,0.05855607986450195
8676,2,0.8116705417633057
8677,2,0.7575048208236694
8678,2,0.007228255271911621
8679,2,0.002984762191772461
8680,2,0.07966899871826172
8681,2,0.39516448974609375
8682,2,1.8800253868103027
8683,2,0.007020711898803711
8684,2,0.0017087459564208984
8685,2,0.002492189407348633
8686,2,0.005617976188659668
8687,2,0.01175534725189209
8688,2,0.012226581573486328
8689,2,1.7193266153335571
8690,2,0.007334709167480469
8691,2,0.02169179916381836
8692,2,0.41704535484313965
8693,2,0.011178374290466309
8694,2,0.2703568935394287
8695,2,1.3639047145843506
8696,2,0.8247644901275635
8697,2,0.0014934539794921875
8698,2,0.8285794258117676
8699,2,0.022829532623291016
8700,2,0.009701251983642578
8701,2,0.0026671886444091797
8702,2,0.047394752502441406
8703,2,0.0103912353515625
8704,2,0.8894071578979492
8705,2,1.2261065244674683
8706,2,0.2707500457763672
8707,2,1.1778085231781006
8708,2,1.8655095100402832
8709,2,0.001996755599975586
8710,2,0.00131988525390625
8711,2,0.005007028579711914
8712,2,0.0030946731567382812
8713,2,0.0038347244262695312
8714,2,1.0235052108764648
8715,2,0.00393366813659668
8716,2,0.0028264522552490234
8717,2,0.46954345703125
8718,2,0.0023145675659179688
8719,2,0.005944967269897461
8720,2,0.031955838203430176
8721,2,0.019965648651123047
8722,2,0.3828094005584717
8723,2,0.0021224021911621094
8724,2,0.008387088775634766
8725,2,0.7097024917602539
8726,2,0.002444028854370117
8727,2,0.020861387252807617
8728,2,0.018120765686035156
8729,2,1.6376410722732544
8730,2,0.6238402128219604
8731,2,0.40748345851898193
8732,2,0.05464744567871094
8733,2,0.17656898498535156
8734,2,0.005531191825866699
8735,2,0.509502649307251
8736,2,0.814244270324707
8737,2,1.3823020458221436
8738,2,0.8753775358200073
8739,2,0.2932167053222656
8740,2,0.9996538162231445
8741,2,0.7953474521636963
8742,2,0.0021762847900390625
8743,2,0.026529312133789062
8744,2,0.015902042388916016
8745,2,0.007600307464599609
8746,2,0.19114923477172852
8747,2,0.15701961517333984
8748,2,0.46451902389526367
8749,2,0.2486945390701294
8750,2,0.007256031036376953
8751,2,0.16898345947265625
8752,2,1.1123301982879639
8753,2,0.011375188827514648
8754,2,0.002785921096801758
8755,2,0.7259318828582764
8756,2,0.0057523250579833984
8757,2,0.0330815315246582
8758,2,0.002208232879638672
8759,2,0.013329267501831055
8760,2,1.018080472946167
8761,2,1.367042899131775
8762,2,0.0038785934448242188
8763,2,0.015850543975830078
8764,2,1.0884487628936768
8765,2,0.05719923973083496
8766,2,1.2057137489318848
8767,2,1.2613716125488281
8768,2,0.9901976585388184
8769,2,0.03579092025756836
8770,2,0.6968364715576172
8771,2,0.009702205657958984
8772,2,0.00140380859375
8773,2,0.9655008316040039
8774,2,1.0665664672851562
8775,2,1.5083246231079102
8776,2,0.003506183624267578
8777,2,1.3346972465515137
8778,2,0.26220083236694336
8779,2,0.7058048248291016
8780,2,0.009758472442626953
8781,2,1.119913101196289
8782,2,0.028887510299682617
8783,2,0.015217304229736328
8784,2,0.003655672073364258
8785,2,0.006305217742919922
8786,2,0.02966475486755371
8787,2,0.019169092178344727
8788,2,0.017782211303710938
8789,2,2.3903656005859375
8790,2,1.2863388061523438
8791,2,0.0031633377075195312
8792,2,1.2121267318725586
8793,2,2.086991786956787
8794,2,0.18755722045898438
8795,2,0.4227120876312256
8796,2,0.003998279571533203
8797,2,0.003590822219848633
8798,2,0.0015456676483154297
8799,2,0.002583026885986328
8800,2,0.0038242340087890625
8801,2,0.06535053253173828
8802,2,0.0028617382049560547
8803,2,1.3026854991912842
8804,2,0.09571433067321777
8805,2,1.0996953248977661
8806,2,0.001687765121459961
8807,2,1.0510411262512207
8808,2,0.030757904052734375
8809,2,0.017157554626464844
8810,2,0.7097651958465576
8811,2,0.0037717819213867188
8812,2,1.949371576309204
8813,2,0.018977642059326172
8814,2,0.15867018699645996
8815,2,0.8849713802337646
8816,2,0.004610538482666016
8817,2,0.007460832595825195
8818,2,0.016877412796020508
8819,2,0.0034377574920654297
8820,2,0.038548827171325684
8821,2,0.015812158584594727
8822,2,1.310835838317871
8823,2,0.004613399505615234
8824,2,0.6568112373352051
8825,2,0.042666077613830566
8826,2,1.0289536714553833
8827,2,0.3231074810028076
8828,2,0.07957875728607178
8829,2,0.004251360893249512
8830,2,0.004555106163024902
8831,2,0.020456790924072266
8832,2,0.0046045780181884766
8833,2,0.9339733123779297
8834,2,0.22330701351165771
8835,2,1.5826960802078247
8836,2,0.8944666385650635
8837,2,0.007236123085021973
8838,2,0.0022420883178710938
8839,2,0.009230852127075195
8840,2,1.0231595039367676
8841,2,0.013910293579101562
8842,2,0.002072930335998535
8843,2,0.003676176071166992
8844,2,0.006605863571166992
8845,2,1.1254788637161255
8846,2,0.8368018865585327
8847,2,0.5621074438095093
8848,2,0.03001570701599121
8849,2,2.112118721008301
8850,2,1.9759937524795532
8851,2,0.014868736267089844
8852,2,0.0031905174255371094
8853,2,0.0435643196105957
8854,2,0.1347484588623047
8855,2,0.01007843017578125
8856,2,0.7245874404907227
8857,2,0.003729581832885742
8858,2,0.013826608657836914
8859,2,0.498607873916626
8860,2,0.06600689888000488
8861,2,0.005918025970458984
8862,2,1.3925409317016602
8863,2,0.09368574619293213
8864,2,0.0035490989685058594
8865,2,0.0020161867141723633
8866,2,0.0016117095947265625
8867,2,0.06094861030578613
8868,2,0.0026491880416870117
8869,2,0.014268755912780762
8870,2,2.0298147201538086
8871,2,0.005537509918212891
8872,2,0.005219459533691406
8873,2,0.0052100419998168945
8874,2,0.07248878479003906
8875,2,0.0008395910263061523
8876,2,1.1553101539611816
8877,2,0.007059574127197266
8878,2,0.003256082534790039
8879,2,0.005079030990600586
8880,2,0.009371280670166016
8881,2,0.02202773094177246
8882,2,0.0011663436889648438
8883,2,0.6912491321563721
8884,2,0.8994036912918091
8885,2,0.0034487247467041016
8886,2,0.0016896724700927734
8887,2,1.077561378479004
8888,2,0.820557713508606
8889,2,0.0046808719635009766
8890,2,0.005127906799316406
8891,2,1.2973556518554688
8892,2,0.10977804660797119
8893,2,0.0035544633865356445
8894,2,0.0053948163986206055
8895,2,0.7808119058609009
8896,2,1.5344274044036865
8897,2,1.3880541324615479
8898,2,0.001564621925354004
8899,2,0.000980973243713379
8900,2,1.053560495376587
8901,2,0.002617478370666504
8902,2,0.5467031002044678
8903,2,1.98046875
8904,2,0.002763509750366211
8905,2,0.03969013690948486
8906,2,0.0022727251052856445
8907,2,0.004734516143798828
8908,2,0.05555295944213867
8909,2,0.010685920715332031
8910,2,0.0024127960205078125
8911,2,0.07101917266845703
8912,2,0.022022128105163574
8913,2,0.7099229097366333
8914,2,0.027492523193359375
8915,2,0.009257674217224121
8916,2,0.974604606628418
8917,2,0.6066410541534424
8918,2,1.101899266242981
8919,2,0.31236863136291504
8920,2,1.4970169067382812
8921,2,0.005309104919433594
8922,2,0.10562849044799805
8923,2,0.6840455532073975
8924,2,0.00948476791381836
8925,2,0.010911703109741211
8926,2,0.0008071660995483398
8927,2,0.8823293447494507
8928,2,0.003976941108703613
8929,2,0.0010358095169067383
8930,2,0.004714369773864746
8931,2,0.025393128395080566
8932,2,0.0052297115325927734
8933,2,0.08984649181365967
8934,2,0.010916829109191895
8935,2,0.5061330199241638
8936,2,0.018048524856567383
8937,2,0.011007428169250488
8938,2,0.005042433738708496
8939,2,0.0014905333518981934
8940,2,0.4461841583251953
8941,2,1.2851684093475342
8942,2,0.5687360763549805
8943,2,0.004337787628173828
8944,2,0.9873530864715576
8945,2,0.0012015104293823242
8946,2,0.004564881324768066
8947,2,0.0015564560890197754
8948,2,0.06998968124389648
8949,2,0.05501997470855713
8950,2,1.2624189853668213
8951,2,1.3632924556732178
8952,2,0.9829259514808655
8953,2,1.0168081521987915
8954,2,0.027461528778076172
8955,2,1.8087787628173828
8956,2,0.04736328125
8957,2,0.17198610305786133
8958,2,0.0005562305450439453
8959,2,1.7733861207962036
8960,2,0.28015440702438354
8961,2,0.0020399093627929688
8962,2,0.04527902603149414
8963,2,0.004178285598754883
8964,2,0.8329160213470459
8965,2,0.7395510673522949
8966,2,0.5433392524719238
8967,2,0.10056447982788086
8968,2,0.8308916091918945
8969,2,0.014686107635498047
8970,2,0.5756187438964844
8971,2,0.01443028450012207
8972,2,0.0031499862670898438
8973,2,0.015756607055664062
8974,2,0.003875255584716797
8975,2,0.06346249580383301
8976,2,0.005592942237854004
8977,2,0.013672471046447754
8978,2,0.018992066383361816
8979,2,0.05509483814239502
8980,2,0.743255615234375
8981,2,0.2522169351577759
8982,2,0.07579374313354492
8983,2,1.1401586532592773
8984,2,0.04337167739868164
8985,2,0.37967896461486816
8986,2,0.04942584037780762
8987,2,0.0013905763626098633
8988,2,0.0016509294509887695
8989,2,0.012756586074829102
8990,2,0.038912057876586914
8991,2,0.001103043556213379
8992,2,0.0029181241989135742
8993,2,0.012338876724243164
8994,2,1.520079255104065
8995,2,0.15983998775482178
8996,2,0.009085416793823242
8997,2,0.026761531829833984
8998,2,1.4454060792922974
8999,2,0.0020914077758789062
9000,2,0.018888235092163086
9001,2,0.7010109424591064
9002,2,1.8984742164611816
9003,2,0.0037310123443603516
9004,2,0.04657626152038574
9005,2,0.004023194313049316
9006,2,0.9295957088470459
9007,2,0.0019315481185913086
9008,2,1.0412405729293823
9009,2,0.0766991376876831
9010,2,0.01399993896484375
9011,2,0.770482063293457
9012,2,1.1226954460144043
9013,2,0.027862548828125
9014,2,0.004859447479248047
9015,2,0.002761363983154297
9016,2,0.0023603439331054688
9017,2,0.09452295303344727
9018,2,0.12205982208251953
9019,2,1.1335171461105347
9020,2,0.0898599624633789
9021,2,0.19804108142852783
9022,2,1.4996085166931152
9023,2,0.006970882415771484
9024,2,0.048561811447143555
9025,2,0.8935105800628662
9026,2,0.055468082427978516
9027,2,0.007043361663818359
9028,2,0.03178572654724121
9029,2,1.0867161750793457
9030,2,0.0748434066772461
9031,2,0.012824535369873047
9032,2,0.006089210510253906
9033,2,0.0070858001708984375
9034,2,0.040541648864746094
9035,2,0.014183998107910156
9036,2,0.871300220489502
9037,2,0.0038700103759765625
9038,2,0.03374147415161133
9039,2,0.013912200927734375
9040,2,0.045195817947387695
9041,2,0.8128476142883301
9042,2,0.018658161163330078
9043,2,0.014304876327514648
9044,2,0.07549238204956055
9045,2,0.008095264434814453
9046,2,0.6357276439666748
9047,2,0.012550115585327148
9048,2,0.008199930191040039
9049,2,0.0173492431640625
9050,2,0.5246610641479492
9051,2,0.06875932216644287
9052,2,0.1182410717010498
9053,2,0.007290840148925781
9054,2,0.006684780120849609
9055,2,0.0012935400009155273
9056,2,1.052250862121582
9057,2,0.0037914514541625977
9058,2,0.5594968795776367
9059,2,0.004059314727783203
9060,2,1.6171660423278809
9061,2,1.780778169631958
9062,2,0.0011157393455505371
9063,2,0.0007432699203491211
9064,2,0.0012006759643554688
9065,2,0.005257844924926758
9066,2,0.03742718696594238
9067,2,1.0046367645263672
9068,2,0.30684828758239746
9069,2,1.2529054880142212
9070,2,0.725830078125
9071,2,0.0008203983306884766
9072,2,1.2275457382202148
9073,2,1.3506325483322144
9074,2,0.020798683166503906
9075,2,0.007083892822265625
9076,2,0.006960630416870117
9077,2,0.6154531240463257
9078,2,0.0990591049194336
9079,2,0.14062249660491943
9080,2,0.5451333522796631
9081,2,0.01650393009185791
9082,2,0.03640186786651611
9083,2,0.0007970333099365234
9084,2,1.084630012512207
9085,2,0.0014213323593139648
9086,2,1.238012671470642
9087,2,0.0022826194763183594
9088,2,0.0993657112121582
9089,2,1.6974573135375977
9090,2,1.4793294668197632
9091,2,0.016537785530090332
9092,2,0.0014805793762207031
9093,2,0.09014773368835449
9094,2,0.021822452545166016
9095,2,0.007016897201538086
9096,2,0.016811847686767578
9097,2,0.006625175476074219
9098,2,0.03446769714355469
9099,2,0.9876627922058105
9100,2,0.7747330665588379
9101,2,0.846102237701416
9102,2,0.061129093170166016
9103,2,0.011681556701660156
9104,2,0.0028951168060302734
9105,2,0.7362229824066162
9106,2,0.025553464889526367
9107,2,0.15518426895141602
9108,2,0.8942837715148926
9109,2,0.003203868865966797
9110,2,1.2538490295410156
9111,2,0.017691612243652344
9112,2,0.7997868061065674
9113,2,0.008511066436767578
9114,2,1.7257652282714844
9115,2,0.012851238250732422
9116,2,0.1630779504776001
9117,2,0.4243345260620117
9118,2,0.9777431488037109
9119,2,0.0391845703125
9120,2,1.8724406957626343
9121,2,0.4595205783843994
9122,2,0.7190430164337158
9123,2,0.3924832344055176
9124,2,0.012305617332458496
9125,2,0.2334442138671875
9126,2,0.0016721487045288086
9127,2,0.005015373229980469
9128,2,0.02198171615600586
9129,2,0.059256792068481445
9130,2,0.0029233694076538086
9131,2,0.005232572555541992
9132,2,1.034372329711914
9133,2,0.020166993141174316
9134,2,0.014615535736083984
9135,2,1.212784767150879
9136,2,0.02191615104675293
9137,2,0.9969731569290161
9138,2,0.00228118896484375
9139,2,0.09987950325012207
9140,2,0.7558822631835938
9141,2,0.007607698440551758
9142,2,0.021206974983215332
9143,2,0.010001301765441895
9144,2,0.7084578275680542
9145,2,0.001341104507446289
9146,2,0.1911686658859253
9147,2,0.0084381103515625
9148,2,0.5326805114746094
9149,2,0.12794315814971924
9150,2,0.011372566223144531
9151,2,1.0237404108047485
9152,2,0.0068035125732421875
9153,2,0.3208414316177368
9154,2,0.4161001443862915
9155,2,1.5182151794433594
9156,2,0.8184575438499451
9157,2,0.0017209053039550781
9158,2,0.001432657241821289
9159,2,0.11632084846496582
9160,2,0.2752641439437866
9161,2,0.7939798831939697
9162,2,1.9309931993484497
9163,2,0.0020776987075805664
9164,2,0.004372358322143555
9165,2,0.0018422603607177734
9166,2,0.0022129416465759277
9167,2,0.03253042697906494
9168,2,0.1995398998260498
9169,2,1.785387635231018
9170,2,0.0030020475387573242
9171,2,1.504676103591919
9172,2,0.0009733438491821289
9173,2,1.2420244216918945
9174,2,0.0022143125534057617
9175,2,0.047005414962768555
9176,2,0.008184671401977539
9177,2,0.7049962282180786
9178,2,0.9030284881591797
9179,2,0.039771080017089844
9180,2,0.0016434192657470703
9181,2,0.0016596317291259766
9182,2,0.0775749683380127
9183,2,0.01213979721069336
9184,2,0.007822275161743164
9185,2,0.004277467727661133
9186,2,0.0417017936706543
9187,2,0.020928144454956055
9188,2,0.48392295837402344
9189,2,0.007433652877807617
9190,2,0.0015419721603393555
9191,2,1.1462862491607666
9192,2,0.6284303665161133
9193,2,1.048213005065918
9194,2,0.0016922950744628906
9195,2,1.6793091297149658
9196,2,0.002273082733154297
9197,2,0.0025262832641601562
9198,2,0.016665935516357422
9199,2,0.1413440704345703
9200,2,0.0034799575805664062
9201,2,1.2847034931182861
9202,2,0.004698753356933594
9203,2,0.009199380874633789
9204,2,0.0053653717041015625
9205,2,0.7455196380615234
9206,2,0.010699748992919922
9207,2,0.00882863998413086
9208,2,0.6856777667999268
9209,2,0.455474853515625
9210,2,0.005601406097412109
9211,2,0.14443302154541016
9212,2,0.0029115676879882812
9213,2,0.010700225830078125
9214,2,0.007002830505371094
9215,2,0.002390146255493164
9216,2,0.011798381805419922
9217,2,0.0030603408813476562
9218,2,1.4092254638671875
9219,2,0.0018072128295898438
9220,2,1.0601444244384766
9221,2,0.0027489662170410156
9222,2,0.003641366958618164
9223,2,2.046116828918457
9224,2,0.002729654312133789
9225,2,0.004555940628051758
9226,2,1.327953577041626
9227,2,0.006612300872802734
9228,2,1.4487042427062988
9229,2,1.0669355392456055
9230,2,0.8242783546447754
9231,2,0.11483287811279297
9232,2,0.6737556457519531
9233,2,0.007262229919433594
9234,2,0.00797891616821289
9235,2,0.9571075439453125
9236,2,2.2706565856933594
9237,2,0.003293275833129883
9238,2,0.012128829956054688
9239,2,0.03448820114135742
9240,2,0.196624755859375
9241,2,0.014544963836669922
9242,2,0.05260181427001953
9243,2,0.005776405334472656
9244,2,0.01003575325012207
9245,2,0.0028841495513916016
9246,2,0.344646692276001
9247,2,1.0427427291870117
9248,2,0.21079444885253906
9249,2,0.05408668518066406
9250,2,0.32679176330566406
9251,2,0.8016147613525391
9252,2,0.6690828800201416
9253,2,0.7170360088348389
9254,2,0.6757402420043945
9255,2,0.3050107955932617
9256,2,0.7945890426635742
9257,2,0.8003089427947998
9258,2,0.24938344955444336
9259,2,0.8462886810302734
9260,2,0.5329489707946777
9261,2,0.04663276672363281
9262,2,0.0897376537322998
9263,2,1.7306976318359375
9264,2,0.0828409194946289
9265,2,0.006816387176513672
9266,2,0.0584716796875
9267,2,0.012346744537353516
9268,2,0.0041887760162353516
9269,2,0.758974552154541
9270,2,0.9465413093566895
9271,2,0.20539331436157227
9272,2,0.5903158187866211
9273,2,0.6758642196655273
9274,2,0.03329324722290039
9275,2,0.049646615982055664
9276,2,0.008679628372192383
9277,2,0.8456025123596191
9278,2,0.14032387733459473
9279,2,0.04257345199584961
9280,2,0.022211074829101562
9281,2,0.22482824325561523
9282,2,0.0026993751525878906
9283,2,0.010466814041137695
9284,2,0.008502483367919922
9285,2,0.0777583122253418
9286,2,0.01250004768371582
9287,2,0.00505828857421875
9288,2,0.002027750015258789
9289,2,0.025510787963867188
9290,2,0.011182665824890137
9291,2,0.15129387378692627
9292,2,1.1130499839782715
9293,2,0.003990530967712402
9294,2,0.6146373748779297
9295,2,0.003670811653137207
9296,2,2.0449540615081787
9297,2,1.46842622756958
9298,2,1.267510175704956
9299,2,0.5604962110519409
9300,2,0.03107166290283203
9301,2,0.5445325374603271
9302,2,0.06884980201721191
9303,2,0.025144219398498535
9304,2,2.2200942039489746
9305,2,0.014500737190246582
9306,2,0.2637244462966919
9307,2,0.0055429935455322266
9308,2,0.013325214385986328
9309,2,0.056358933448791504
9310,2,0.004668474197387695
9311,2,0.6033960580825806
9312,2,0.05143392086029053
9313,2,0.44212234020233154
9314,2,0.004820585250854492
9315,2,0.0073250532150268555
9316,2,0.004490375518798828
9317,2,1.1048840284347534
9318,2,0.04565238952636719
9319,2,0.0011136531829833984
9320,2,1.2879443168640137
9321,2,0.004843950271606445
9322,2,0.2680480480194092
9323,2,0.0026133060455322266
9324,2,0.7426479458808899
9325,2,0.4682474136352539
9326,2,1.2027277946472168
9327,2,1.2209868431091309
9328,2,0.00900733470916748
9329,2,0.010184049606323242
9330,2,0.01199948787689209
9331,2,0.7448152303695679
9332,2,0.0013675689697265625
9333,2,0.2691115140914917
9334,2,2.4387426376342773
9335,2,0.033631086349487305
9336,2,1.5668083429336548
9337,2,1.063886046409607
9338,2,2.336005210876465
9339,2,0.021885991096496582
9340,2,1.0831458568572998
9341,2,0.6513969898223877
9342,2,0.015002846717834473
9343,2,0.005755305290222168
9344,2,1.4476605653762817
9345,2,0.03799402713775635
9346,2,0.8567286729812622
9347,2,0.43066275119781494
9348,2,0.5191764831542969
9349,2,0.8153766393661499
9350,2,0.0058214664459228516
9351,2,1.0220838785171509
9352,2,0.005015373229980469
9353,2,0.0035660266876220703
9354,2,0.0011724233627319336
9355,2,0.18724822998046875
9356,2,0.945691704750061
9357,2,1.0948765277862549
9358,2,2.4195556640625
9359,2,0.011088252067565918
9360,2,0.7568352222442627
9361,2,0.0740199089050293
9362,2,0.0048215389251708984
9363,2,0.0013750791549682617
9364,2,0.9585719108581543
9365,2,0.04638481140136719
9366,2,0.40597987174987793
9367,2,0.1407794952392578
9368,2,0.24699366092681885
9369,2,0.016219139099121094
9370,2,1.0452907085418701
9371,2,0.10538887977600098
9372,2,0.6782534122467041
9373,2,0.010097742080688477
9374,2,0.506803035736084
9375,2,0.021545886993408203
9376,2,0.016820430755615234
9377,2,0.00655055046081543
9378,2,0.12466263771057129
9379,2,0.7328166961669922
9380,2,1.148796558380127
9381,2,0.4683002233505249
9382,2,0.013924837112426758
9383,2,0.03080606460571289
9384,2,0.0734720230102539
9385,2,0.017337799072265625
9386,2,0.12081217765808105
9387,2,0.010333538055419922
9388,2,0.44717931747436523
9389,2,1.1347146034240723
9390,2,0.015008091926574707
9391,2,0.02055656909942627
9392,2,0.10553419589996338
9393,2,0.009085655212402344
9394,2,0.3596266508102417
9395,2,0.003860950469970703
9396,2,0.037416696548461914
9397,2,0.0012412071228027344
9398,2,0.22590839862823486
9399,2,0.006403326988220215
9400,2,0.4388768672943115
9401,2,0.17589497566223145
9402,2,0.001365959644317627
9403,2,0.5281658172607422
9404,2,1.0843287706375122
9405,2,0.0032831430435180664
9406,2,0.014484763145446777
9407,2,0.0027877092361450195
9408,2,0.14042377471923828
9409,2,0.008485794067382812
9410,2,0.6615502834320068
9411,2,1.2867844104766846
9412,2,0.7757712006568909
9413,2,1.3147649765014648
9414,2,1.1995296478271484
9415,2,0.48462915420532227
9416,2,1.6661052703857422
9417,2,1.2795195579528809
9418,2,0.8368874788284302
9419,2,1.1489228010177612
9420,2,0.2940685749053955
9421,2,0.008211731910705566
9422,2,0.0013439655303955078
9423,2,0.008559226989746094
9424,2,0.0060585737228393555
9425,2,0.34321486949920654
9426,2,0.4727870225906372
9427,2,0.381466269493103
9428,2,0.003513336181640625
9429,2,0.015255928039550781
9430,2,2.2635958194732666
9431,2,0.011177301406860352
9432,2,2.0375170707702637
9433,2,0.44867074489593506
9434,2,0.003957390785217285
9435,2,0.4397735595703125
9436,2,0.059577226638793945
9437,2,1.7494535446166992
9438,2,0.30538201332092285
9439,2,0.0014944076538085938
9440,2,0.026685237884521484
9441,2,0.0032911300659179688
9442,2,1.0294408798217773
9443,2,0.1357663869857788
9444,2,0.4006786346435547
9445,2,0.0051631927490234375
9446,2,0.33844900131225586
9447,2,0.006176471710205078
9448,2,0.018469810485839844
9449,2,1.3551318645477295
9450,2,0.35068368911743164
9451,2,0.21848320960998535
9452,2,0.03821825981140137
9453,2,0.559293270111084
9454,2,0.02334427833557129
9455,2,0.47237682342529297
9456,2,0.0038788318634033203
9457,2,0.013599634170532227
9458,2,0.16550326347351074
9459,2,0.00165557861328125
9460,2,0.26093339920043945
9461,2,0.6943117380142212
9462,2,0.002530336380004883
9463,2,0.013445019721984863
9464,2,0.005080461502075195
9465,2,0.034371376037597656
9466,2,0.005368590354919434
9467,2,0.006487607955932617
9468,2,0.8642787933349609
9469,2,0.014867961406707764
9470,2,0.0029969215393066406
9471,2,0.45854437351226807
9472,2,0.7683337926864624
9473,2,0.2047252655029297
9474,2,0.05594015121459961
9475,2,1.8175128698349
9476,2,1.4702906608581543
9477,2,0.0009837150573730469
9478,2,0.0013308525085449219
9479,2,0.07098078727722168
9480,2,0.6181559562683105
9481,2,0.002025127410888672
9482,2,0.02580118179321289
9483,2,0.002627849578857422
9484,2,0.007441520690917969
9485,2,0.0014104843139648438
9486,2,0.0012340545654296875
9487,2,0.0017944574356079102
9488,2,0.023288726806640625
9489,2,0.0015244483947753906
9490,2,0.012584447860717773
9491,2,0.003167271614074707
9492,2,0.0018717050552368164
9493,2,0.0019779205322265625
9494,2,0.004257559776306152
9495,2,0.9912118911743164
9496,2,2.2038228511810303
9497,2,1.2166845798492432
9498,2,1.5139403343200684
9499,2,0.08875489234924316
9500,2,0.003392934799194336
9501,2,0.9714250564575195
9502,2,0.005818367004394531
9503,2,0.02993917465209961
9504,2,0.4696171283721924
9505,2,0.06893587112426758
9506,2,0.008775711059570312
9507,2,0.0049512386322021484
9508,2,0.011733055114746094
9509,2,0.0468447208404541
9510,2,0.005368947982788086
9511,2,0.2781505584716797
9512,2,0.006741523742675781
9513,2,1.45243501663208
9514,2,0.005045413970947266
9515,2,0.4233074188232422
9516,2,1.3382158279418945
9517,2,0.0019092559814453125
9518,2,0.10187935829162598
9519,2,0.011491775512695312
9520,2,0.0072269439697265625
9521,2,0.0039196014404296875
9522,2,0.09455609321594238
9523,2,0.01653766632080078
9524,2,1.1445534229278564
9525,2,2.044229507446289
9526,2,0.9871854782104492
9527,2,0.8837249279022217
9528,2,1.1630401611328125
9529,2,0.7087173461914062
9530,2,1.2748641967773438
9531,2,2.843627452850342
9532,2,0.014270305633544922
9533,2,0.007342338562011719
9534,2,0.4160447120666504
9535,2,0.01724863052368164
9536,2,1.0947022438049316
9537,2,2.350996494293213
9538,2,0.4103829860687256
9539,2,0.011694908142089844
9540,2,0.6282286643981934
9541,2,0.14734506607055664
9542,2,0.002612590789794922
9543,2,1.0940532684326172
9544,2,1.3783326148986816
9545,2,0.830690860748291
9546,2,0.02260589599609375
9547,2,0.005532741546630859
9548,2,0.008327484130859375
9549,2,0.5634193420410156
9550,2,0.0131072998046875
9551,2,0.01795673370361328
9552,2,0.015924453735351562
9553,2,0.6079607009887695
9554,2,0.010500907897949219
9555,2,0.013292312622070312
9556,2,0.4910888671875
9557,2,0.037139892578125
9558,2,0.01835346221923828
9559,2,0.007122039794921875
9560,2,1.101250171661377
9561,2,0.8808345794677734
9562,2,0.02882099151611328
9563,2,0.015563488006591797
9564,2,0.031584739685058594
9565,2,0.35926246643066406
9566,2,1.1671686172485352
9567,2,0.7155454158782959
9568,2,0.9364926815032959
9569,2,0.016925334930419922
9570,2,1.2600727081298828
9571,2,0.012622833251953125
9572,2,0.0029642581939697266
9573,2,0.005831718444824219
9574,2,0.003078937530517578
9575,2,0.008678913116455078
9576,2,0.5749406814575195
9577,2,0.005749225616455078
9578,2,0.9105463027954102
9579,2,1.3852424621582031
9580,2,1.4705696105957031
9581,2,1.018455982208252
9582,2,2.210273265838623
9583,2,1.3430490493774414
9584,2,0.005576610565185547
9585,2,1.0733098983764648
9586,2,0.00595855712890625
9587,2,1.3676671981811523
9588,2,0.0545501708984375
9589,2,0.7095470428466797
9590,2,0.26195526123046875
9591,2,0.14607810974121094
9592,2,0.03230476379394531
9593,2,0.13020706176757812
9594,2,0.14229583740234375
9595,2,0.5613594055175781
9596,2,0.4594154357910156
9597,2,0.458251953125
9598,2,0.11952972412109375
9599,2,0.022031784057617188
9600,2,0.04220008850097656
9601,2,0.03861713409423828
9602,2,0.04792213439941406
9603,2,0.01532888412475586
9604,2,0.16556453704833984
9605,2,0.40874242782592773
9606,2,0.0036301612854003906
9607,2,0.5157060623168945
9608,2,0.047367095947265625
9609,2,0.989668607711792
9610,2,0.9587817192077637
9611,2,0.49770474433898926
9612,2,0.005928516387939453
9613,2,0.5702807903289795
9614,2,0.002145051956176758
9615,2,1.0179111957550049
9616,2,0.003078460693359375
9617,2,0.918156623840332
9618,2,0.053160667419433594
9619,2,0.0028073787689208984
9620,2,0.9143905639648438
9621,2,0.8672103881835938
9622,2,0.034926414489746094
9623,2,0.010526657104492188
9624,2,0.0028176307678222656
9625,2,0.12876415252685547
9626,2,0.0037360191345214844
9627,2,0.018159151077270508
9628,2,0.004311084747314453
9629,2,1.5502612590789795
9630,2,0.029474735260009766
9631,2,0.6108245849609375
9632,2,0.011705875396728516
9633,2,0.014405250549316406
9634,2,0.0025146007537841797
9635,2,0.001226663589477539
9636,2,0.05481386184692383
9637,2,0.0012974739074707031
9638,2,1.4399421215057373
9639,2,0.686154842376709
9640,2,0.00416874885559082
9641,2,0.0023200511932373047
9642,2,0.002002120018005371
9643,2,0.006032824516296387
9644,2,0.003416895866394043
9645,2,2.941650390625
9646,2,0.0644073486328125
9647,2,0.0033768415451049805
9648,2,0.019570231437683105
9649,2,0.18614435195922852
9650,2,0.018637657165527344
9651,2,0.025241851806640625
9652,2,1.0506632328033447
9653,2,0.002579212188720703
9654,2,0.005874752998352051
9655,2,0.00203704833984375
9656,2,0.002257704734802246
9657,2,0.24236071109771729
9658,2,0.001124262809753418
9659,2,1.3141580820083618
9660,2,0.0047425031661987305
9661,2,0.016428232192993164
9662,2,0.08052396774291992
9663,2,0.010419607162475586
9664,2,1.607823371887207
9665,2,0.000815272331237793
9666,2,0.0023555755615234375
9667,2,0.02351248264312744
9668,2,0.4693024158477783
9669,2,0.017825603485107422
9670,2,0.002400636672973633
9671,2,0.0008561611175537109
9672,2,0.0015386343002319336
9673,2,0.7477185726165771
9674,2,0.0011750459671020508
9675,2,0.006140708923339844
9676,2,0.009240031242370605
9677,2,0.005654454231262207
9678,2,0.007997393608093262
9679,2,0.20288503170013428
9680,2,0.0008337497711181641
9681,2,0.0011778473854064941
9682,2,0.001181960105895996
9683,2,0.002431035041809082
9684,2,0.012049198150634766
9685,2,0.0024149417877197266
9686,3,0.9469554424285889
9687,3,0.2965904474258423
9688,3,0.021082520484924316
9689,3,0.889557957649231
9690,3,0.8900833129882812
9691,3,0.0032650232315063477
9692,3,0.002420186996459961
9693,3,0.0008450746536254883
9694,3,1.8620761632919312
9695,3,0.013585925102233887
9696,3,0.0065337419509887695
9697,3,0.0008511543273925781
9698,3,1.5855231285095215
9699,3,0.006346225738525391
9700,3,0.00824284553527832
9701,3,0.0035424232482910156
9702,3,0.0030225515365600586
9703,3,1.4704471826553345
9704,3,0.0018529891967773438
9705,3,0.5300407409667969
9706,3,0.007109880447387695
9707,3,0.2432156801223755
9708,3,0.01619100570678711
9709,3,0.004293859004974365
9710,3,0.0015033483505249023
9711,3,0.0016900300979614258
9712,3,0.0012677907943725586
9713,3,0.041867613792419434
9714,3,1.5249711275100708
9715,3,0.007610321044921875
9716,3,0.001252293586730957
9717,3,0.9077707529067993
9718,3,0.0007975101470947266
9719,3,0.004659295082092285
9720,3,0.08331060409545898
9721,3,0.0027310848236083984
9722,3,0.00434267520904541
9723,3,0.0015673637390136719
9724,3,0.003034234046936035
9725,3,1.7177183628082275
9726,3,0.7928924560546875
9727,3,0.0017464160919189453
9728,3,2.2807178497314453
9729,3,1.676795482635498
9730,3,0.0016932487487792969
9731,3,0.0025784969329833984
9732,3,0.30501270294189453
9733,3,0.0037908554077148438
9734,3,0.008420228958129883
9735,3,0.0032792091369628906
9736,3,2.2642030715942383
9737,3,0.002476215362548828
9738,3,0.02807760238647461
9739,3,1.1673498153686523
9740,3,0.006930828094482422
9741,3,0.00392913818359375
9742,3,0.5602798461914062
9743,3,2.313417434692383
9744,3,0.045101165771484375
9745,3,0.011459827423095703
9746,3,0.15236902236938477
9747,3,0.004895210266113281
9748,3,0.3139333724975586
9749,3,0.766721248626709
9750,3,0.023633480072021484
9751,3,0.01457834243774414
9752,3,0.12913799285888672
9753,3,0.014312267303466797
9754,3,0.7466878890991211
9755,3,0.005805015563964844
9756,3,0.05731773376464844
9757,3,2.0326781272888184
9758,3,0.5686984062194824
9759,3,0.11513853073120117
9760,3,0.5723261833190918
9761,3,0.572993278503418
9762,3,0.005359649658203125
9763,3,0.029138565063476562
9764,3,0.6189937591552734
9765,3,0.722010612487793
9766,3,1.285517692565918
9767,3,0.00913095474243164
9768,3,0.060900211334228516
9769,3,1.1597962379455566
9770,3,0.0020525455474853516
9771,3,0.1969895362854004
9772,3,0.05400824546813965
9773,3,0.006730556488037109
9774,3,0.21037769317626953
9775,3,0.6403207778930664
9776,3,0.026570796966552734
9777,3,0.007802486419677734
9778,3,0.0036187171936035156
9779,3,2.017324924468994
9780,3,0.020702362060546875
9781,3,0.04496908187866211
9782,3,0.03679990768432617
9783,3,0.5123584270477295
9784,3,0.0027713775634765625
9785,3,0.002157449722290039
9786,3,0.023259401321411133
9787,3,0.002730846405029297
9788,3,1.4661788940429688
9789,3,0.003936767578125
9790,3,0.16451644897460938
9791,3,0.01845717430114746
9792,3,0.005806446075439453
9793,3,0.37378954887390137
9794,3,1.3297133445739746
9795,3,0.01782703399658203
9796,3,0.2188093662261963
9797,3,0.003055095672607422
9798,3,0.004418849945068359
9799,3,0.015014886856079102
9800,3,0.002933502197265625
9801,3,1.384885311126709
9802,3,1.2813477516174316
9803,3,0.004417896270751953
9804,3,0.0022478103637695312
9805,3,0.10885119438171387
9806,3,0.0021407604217529297
9807,3,1.0651130676269531
9808,3,0.0023186206817626953
9809,3,0.009053468704223633
9810,3,1.0873863697052002
9811,3,1.4086923599243164
9812,3,0.004072666168212891
9813,3,1.201598882675171
9814,3,0.013655662536621094
9815,3,0.007970809936523438
9816,3,1.329186201095581
9817,3,0.03211212158203125
9818,3,0.6309714317321777
9819,3,0.006739377975463867
9820,3,0.9241800308227539
9821,3,0.4863114356994629
9822,3,0.011703968048095703
9823,3,0.02435755729675293
9824,3,0.0057222843170166016
9825,3,0.3426792621612549
9826,3,0.021198749542236328
9827,3,0.00915384292602539
9828,3,0.02212238311767578
9829,3,0.005801200866699219
9830,3,1.0018548965454102
9831,3,1.056037425994873
9832,3,0.004132509231567383
9833,3,1.655360221862793
9834,3,0.0048558712005615234
9835,3,0.003995418548583984
9836,3,0.002850174903869629
9837,3,0.019513845443725586
9838,3,0.0025649070739746094
9839,3,0.0017466545104980469
9840,3,1.036275863647461
9841,3,0.002091646194458008
9842,3,0.0024127960205078125
9843,3,1.157144546508789
9844,3,0.0034084320068359375
9845,3,1.8504605293273926
9846,3,0.8006324768066406
9847,3,0.7941216230392456
9848,3,0.006385087966918945
9849,3,0.7041163444519043
9850,3,0.017561912536621094
9851,3,0.019428730010986328
9852,3,0.004735231399536133
9853,3,0.0206148624420166
9854,3,0.018175125122070312
9855,3,0.0943530797958374
9856,3,0.002074003219604492
9857,3,0.027634620666503906
9858,3,0.08762454986572266
9859,3,0.8002223968505859
9860,3,0.032134413719177246
9861,3,0.6483173370361328
9862,3,1.0216288566589355
9863,3,0.00899362564086914
9864,3,0.007283210754394531
9865,3,0.004853963851928711
9866,3,1.6079902648925781
9867,3,0.012358903884887695
9868,3,0.047186851501464844
9869,3,0.038584232330322266
9870,3,0.00240933895111084
9871,3,0.264461874961853
9872,3,0.004891157150268555
9873,3,0.01208794116973877
9874,3,0.0013831853866577148
9875,3,0.0022803544998168945
9876,3,1.1219937801361084
9877,3,0.007053375244140625
9878,3,0.0020422935485839844
9879,3,1.4629316329956055
9880,3,0.005529642105102539
9881,3,0.8338496685028076
9882,3,1.1213284730911255
9883,3,0.005092501640319824
9884,3,0.3400111198425293
9885,3,1.1031838655471802
9886,3,0.008729219436645508
9887,3,0.4456181526184082
9888,3,0.000844120979309082
9889,3,0.00757145881652832
9890,3,1.87841796875
9891,3,1.0447874069213867
9892,3,0.00518488883972168
9893,3,0.9808704853057861
9894,3,0.07924473285675049
9895,3,0.00892186164855957
9896,3,0.02614140510559082
9897,3,0.9139964580535889
9898,3,2.087146759033203
9899,3,0.6113338470458984
9900,3,0.007838726043701172
9901,3,0.09161663055419922
9902,3,0.05474257469177246
9903,3,0.016104817390441895
9904,3,0.0013706684112548828
9905,3,1.6642957925796509
9906,3,0.1251368522644043
9907,3,0.07425737380981445
9908,3,2.0449156761169434
9909,3,0.008221864700317383
9910,3,0.01758706569671631
9911,3,0.03869271278381348
9912,3,0.017116785049438477
9913,3,0.35398244857788086
9914,3,0.001118302345275879
9915,3,0.5262606143951416
9916,3,0.6817221641540527
9917,3,0.008960485458374023
9918,3,1.2361515760421753
9919,3,1.3492685556411743
9920,3,0.0031005144119262695
9921,3,0.019281506538391113
9922,3,0.006189107894897461
9923,3,0.0016652345657348633
9924,3,0.04063129425048828
9925,3,2.2493438720703125
9926,3,0.0021146535873413086
9927,3,0.00424039363861084
9928,3,0.002460002899169922
9929,3,0.5872381925582886
9930,3,0.24595105648040771
9931,3,0.0010355710983276367
9932,3,0.008630633354187012
9933,3,0.7050259113311768
9934,3,0.0030204057693481445
9935,3,0.010212540626525879
9936,3,0.002064347267150879
9937,3,1.5186989307403564
9938,3,0.15826416015625
9939,3,0.020725250244140625
9940,3,0.8229227066040039
9941,3,0.0014110803604125977
9942,3,0.46975743770599365
9943,3,0.006936192512512207
9944,3,1.0102735757827759
9945,3,0.008794307708740234
9946,3,0.003982663154602051
9947,3,0.01761925220489502
9948,3,2.124296188354492
9949,3,0.9389282464981079
9950,3,1.3260726928710938
9951,3,0.019310951232910156
9952,3,0.43363499641418457
9953,3,2.2556302547454834
9954,3,1.051788330078125
9955,3,1.6683273315429688
9956,3,0.0033457279205322266
9957,3,0.04973149299621582
9958,3,0.6556253433227539
9959,3,0.2038111686706543
9960,3,0.013254165649414062
9961,3,0.012526988983154297
9962,3,0.006122112274169922
9963,3,0.02024984359741211
9964,3,0.005409717559814453
9965,3,0.012526988983154297
9966,3,0.060944557189941406
9967,3,0.017188072204589844
9968,3,0.009407758712768555
9969,3,0.6413364410400391
9970,3,0.01348114013671875
9971,3,0.3897573947906494
9972,3,0.01823139190673828
9973,3,0.094046950340271
9974,3,0.03689861297607422
9975,3,0.37283921241760254
9976,3,1.2530454397201538
9977,3,0.0034270286560058594
9978,3,0.07796740531921387
9979,3,0.011954426765441895
9980,3,1.0384764671325684
9981,3,0.0034546852111816406
9982,3,0.391709566116333
9983,3,0.0032614469528198242
9984,3,0.001023411750793457
9985,3,0.49858617782592773
9986,3,0.0035715103149414062
9987,3,0.004318654537200928
9988,3,0.001696944236755371
9989,3,0.008848309516906738
9990,3,0.0006971359252929688
9991,3,0.004121541976928711
9992,3,0.13012737035751343
9993,3,0.9682122468948364
9994,3,0.9732857942581177
9995,3,0.4764970541000366
9996,3,0.0025104880332946777
9997,3,0.0040465593338012695
9998,3,0.007176041603088379
9999,3,0.0024164915084838867
10000,3,0.0024329423904418945
10001,3,0.010828614234924316
10002,3,0.0353657603263855
10003,3,0.15883255004882812
10004,3,1.3668034076690674
10005,3,0.006535887718200684
10006,3,0.006769776344299316
10007,3,1.6363379955291748
10008,3,0.0014592409133911133
10009,3,1.277493953704834
10010,3,0.0017529129981994629
10011,3,0.000883638858795166
10012,3,0.014523148536682129
10013,3,1.2500598430633545
10014,3,0.806036114692688
10015,3,0.0006694793701171875
10016,3,0.001239180564880371
10017,3,0.0026618242263793945
10018,3,0.0017113089561462402
10019,3,0.006564497947692871
10020,3,0.003718256950378418
10021,3,0.9164485931396484
10022,3,0.689576268196106
10023,3,0.0050781965255737305
10024,3,0.007103919982910156
10025,3,1.1773269176483154
10026,3,0.005163311958312988
10027,3,0.037824273109436035
10028,3,0.005038857460021973
10029,3,0.012813091278076172
10030,3,0.9284915924072266
10031,3,0.18129736185073853
10032,3,1.027984619140625
10033,3,0.020274043083190918
10034,3,0.005181789398193359
10035,3,0.004199385643005371
10036,3,2.667140007019043
10037,3,1.0097318887710571
10038,3,0.0010117292404174805
10039,3,1.7008304595947266
10040,3,1.6978049278259277
10041,3,1.2818713188171387
10042,3,0.0035361051559448242
10043,3,0.031185150146484375
10044,3,0.8147659301757812
10045,3,0.0019087791442871094
10046,3,0.6903176307678223
10047,3,0.010912418365478516
10048,3,0.010416269302368164
10049,3,0.009378910064697266
10050,3,0.029705047607421875
10051,3,0.014189481735229492
10052,3,0.9470198154449463
10053,3,0.0022902488708496094
10054,3,0.592926025390625
10055,3,0.13380217552185059
10056,3,0.007716178894042969
10057,3,0.04231619834899902
10058,3,0.002135753631591797
10059,3,0.018175125122070312
10060,3,0.005188941955566406
10061,3,0.011424064636230469
10062,3,0.006666064262390137
10063,3,0.0072689056396484375
10064,3,0.263843297958374
10065,3,0.003599882125854492
10066,3,1.0870251655578613
10067,3,0.7513518333435059
10068,3,0.14142417907714844
10069,3,0.003861665725708008
10070,3,0.19947731494903564
10071,3,0.375917911529541
10072,3,0.0030205249786376953
10073,3,0.008797287940979004
10074,3,0.0017085075378417969
10075,3,0.2085341215133667
10076,3,0.026399612426757812
10077,3,1.1462093591690063
10078,3,0.0033788681030273438
10079,3,0.0012502670288085938
10080,3,1.1710723638534546
10081,3,0.5047382116317749
10082,3,0.11249065399169922
10083,3,0.0008320808410644531
10084,3,0.0011203289031982422
10085,3,0.007399320602416992
10086,3,0.10303902626037598
10087,3,0.004543185234069824
10088,3,0.9455150365829468
10089,3,0.0023998022079467773
10090,3,0.8205344080924988
10091,3,0.01913905143737793
10092,3,0.023691654205322266
10093,3,0.006259441375732422
10094,3,0.3639042377471924
10095,3,0.3298368453979492
10096,3,0.00762486457824707
10097,3,0.009415388107299805
10098,3,0.009117841720581055
10099,3,1.5199851989746094
10100,3,0.016907215118408203
10101,3,0.8726251125335693
10102,3,0.0015436410903930664
10103,3,0.016260266304016113
10104,3,0.005844593048095703
10105,3,0.008908987045288086
10106,3,0.001410365104675293
10107,3,0.12292349338531494
10108,3,0.0020689964294433594
10109,3,0.003037095069885254
10110,3,0.001104116439819336
10111,3,1.8413658142089844
10112,3,0.014342963695526123
10113,3,0.023523330688476562
10114,3,0.0035970211029052734
10115,3,0.001178741455078125
10116,3,0.004934549331665039
10117,3,0.782680869102478
10118,3,0.041408658027648926
10119,3,0.001213669776916504
10120,3,0.40758204460144043
10121,3,0.002215266227722168
10122,3,0.0010448694229125977
10123,3,0.012915849685668945
10124,3,0.0019578933715820312
10125,3,0.008160591125488281
10126,3,1.6350915431976318
10127,3,0.04689836502075195
10128,3,0.00534820556640625
10129,3,0.0013914108276367188
10130,3,1.173539161682129
10131,3,1.0001678466796875
10132,3,0.007040977478027344
10133,3,0.0014536380767822266
10134,3,0.01772761344909668
10135,3,1.75174880027771
10136,3,0.0028226375579833984
10137,3,0.25696754455566406
10138,3,0.2538003921508789
10139,3,0.0071141719818115234
10140,3,1.1606640815734863
10141,3,0.03327226638793945
10142,3,0.003036022186279297
10143,3,0.002234935760498047
10144,3,0.0031654834747314453
10145,3,0.015580177307128906
10146,3,0.00315093994140625
10147,3,2.4987831115722656
10148,3,1.027238130569458
10149,3,0.0017933845520019531
10150,3,0.001882791519165039
10151,3,1.9416189193725586
10152,3,0.8028526306152344
10153,3,0.684328556060791
10154,3,0.0034897327423095703
10155,3,0.0042645931243896484
10156,3,0.0033745765686035156
10157,3,0.0034508705139160156
10158,3,1.0183589458465576
10159,3,0.01780545711517334
10160,3,0.0021398067474365234
10161,3,1.3683255910873413
10162,3,0.9329822063446045
10163,3,0.07097363471984863
10164,3,0.004354715347290039
10165,3,0.0022592544555664062
10166,3,1.2468552589416504
10167,3,0.005138874053955078
10168,3,0.005841255187988281
10169,3,0.006280660629272461
10170,3,0.5546503067016602
10171,3,0.009433746337890625
10172,3,0.0020656585693359375
10173,3,0.5572428703308105
10174,3,0.005227088928222656
10175,3,0.7596256732940674
10176,3,0.7101176977157593
10177,3,0.3893258571624756
10178,3,0.06801080703735352
10179,3,0.9426677227020264
10180,3,0.9346108436584473
10181,3,0.07459616661071777
10182,3,0.05990266799926758
10183,3,0.12331008911132812
10184,3,0.0066907405853271484
10185,3,0.36501145362854004
10186,3,0.006875276565551758
10187,3,0.005272626876831055
10188,3,0.6556615829467773
10189,3,0.030744075775146484
10190,3,0.007691860198974609
10191,3,0.022971630096435547
10192,3,0.02094125747680664
10193,3,0.004401445388793945
10194,3,2.1150665283203125
10195,3,0.009110212326049805
10196,3,0.02654266357421875
10197,3,0.0036737918853759766
10198,3,0.04168868064880371
10199,3,1.428870439529419
10200,3,0.005247354507446289
10201,3,0.002608060836791992
10202,3,0.01677227020263672
10203,3,0.673372745513916
10204,3,0.730830192565918
10205,3,0.0061321258544921875
10206,3,0.006104230880737305
10207,3,0.8453922271728516
10208,3,0.036026954650878906
10209,3,0.3931041955947876
10210,3,1.0379016399383545
10211,3,1.4347889423370361
10212,3,0.8434863090515137
10213,3,0.07653307914733887
10214,3,0.005364775657653809
10215,3,0.009086012840270996
10216,3,0.03997325897216797
10217,3,0.5880469083786011
10218,3,0.1364912986755371
10219,3,0.8221397399902344
10220,3,1.138942003250122
10221,3,0.005699634552001953
10222,3,1.162750244140625
10223,3,0.0020682811737060547
10224,3,0.0033899545669555664
10225,3,1.3883521556854248
10226,3,0.0015575885772705078
10227,3,0.0015935897827148438
10228,3,0.010447025299072266
10229,3,0.0014979839324951172
10230,3,0.595099687576294
10231,3,0.0024483203887939453
10232,3,0.0018923282623291016
10233,3,0.005308866500854492
10234,3,0.05470013618469238
10235,3,0.0011986494064331055
10236,3,0.0024421215057373047
10237,3,0.0009559392929077148
10238,3,0.0013219118118286133
10239,3,0.004476070404052734
10240,3,0.5670535564422607
10241,3,0.0012313127517700195
10242,3,0.001556396484375
10243,3,0.25777900218963623
10244,3,0.0017452239990234375
10245,3,1.3829669952392578
10246,3,0.0016034245491027832
10247,3,0.00364530086517334
10248,3,0.06299865245819092
10249,3,0.09016549587249756
10250,3,0.001627206802368164
10251,3,0.001292109489440918
10252,3,1.3545912504196167
10253,3,0.021770834922790527
10254,3,0.015578866004943848
10255,3,0.0006692409515380859
10256,3,1.0236701965332031
10257,3,1.066035270690918
10258,3,0.0011272430419921875
10259,3,0.0013734102249145508
10260,3,0.0024458765983581543
10261,3,0.0005334615707397461
10262,3,0.0012998580932617188
10263,3,0.03760230541229248
10264,3,0.0006784200668334961
10265,3,1.1945805549621582
10266,3,0.0015503168106079102
10267,3,0.001026928424835205
10268,3,1.6540050506591797
10269,3,0.7949485778808594
10270,3,0.007033884525299072
10271,3,0.005957365036010742
10272,3,0.14265203475952148
10273,3,0.0016803741455078125
10274,3,0.011508822441101074
10275,3,0.914940595626831
10276,3,0.004426240921020508
10277,3,0.0029984712600708008
10278,3,0.0007495880126953125
10279,3,0.002412080764770508
10280,3,0.7710970640182495
10281,3,0.015492916107177734
10282,3,0.004497885704040527
10283,3,0.024192452430725098
10284,3,0.04806399345397949
10285,3,1.6698508262634277
10286,3,0.010010242462158203
10287,3,1.3598921298980713
10288,3,0.7465271949768066
10289,3,2.5016326904296875
10290,3,0.0009851455688476562
10291,3,0.043975651264190674
10292,3,1.638397216796875
10293,3,0.0010623931884765625
10294,3,0.028032541275024414
10295,3,1.1334035396575928
10296,3,0.005212187767028809
10297,3,0.01039266586303711
10298,3,0.009632587432861328
10299,3,0.006680846214294434
10300,3,0.03543126583099365
10301,3,0.0009949207305908203
10302,3,0.009868621826171875
10303,3,0.002424001693725586
10304,3,0.7697204351425171
10305,3,0.8807570934295654
10306,3,0.01087343692779541
10307,3,0.9007021188735962
10308,3,0.02871882915496826
10309,3,0.005933284759521484
10310,3,0.0027350187301635742
10311,3,0.7207378149032593
10312,3,0.7074697017669678
10313,3,0.009650826454162598
10314,3,0.01462864875793457
10315,3,0.006991982460021973
10316,3,0.017226815223693848
10317,3,0.004433631896972656
10318,3,0.017451763153076172
10319,3,0.7562373876571655
10320,3,1.896321415901184
10321,3,0.21697425842285156
10322,3,0.7092701196670532
10323,3,0.01939249038696289
10324,3,1.3161770105361938
10325,3,0.007209420204162598
10326,3,0.012774229049682617
10327,3,0.012210607528686523
10328,3,1.0734273195266724
10329,3,0.07741475105285645
10330,3,0.003462553024291992
10331,3,0.9721126556396484
10332,3,1.183464765548706
10333,3,0.0014197826385498047
10334,3,0.01456904411315918
10335,3,0.003821253776550293
10336,3,0.020133495330810547
10337,3,0.9434932470321655
10338,3,0.8862942457199097
10339,3,0.19784104824066162
10340,3,0.22440075874328613
10341,3,0.006222724914550781
10342,3,0.007601022720336914
10343,3,0.6797729730606079
10344,3,0.21882390975952148
10345,3,0.0593639612197876
10346,3,0.024082422256469727
10347,3,0.1109161376953125
10348,3,0.0011105537414550781
10349,3,0.002918243408203125
10350,3,0.9888331890106201
10351,3,0.0009794235229492188
10352,3,0.010910272598266602
10353,3,0.003324151039123535
10354,3,0.891911506652832
10355,3,0.03967857360839844
10356,3,0.04786646366119385
10357,3,0.0026597976684570312
10358,3,0.8986750245094299
10359,3,0.017740964889526367
10360,3,0.021980643272399902
10361,3,1.3944604396820068
10362,3,0.014647722244262695
10363,3,0.0028243064880371094
10364,3,0.004731297492980957
10365,3,0.0077092647552490234
10366,3,0.812143087387085
10367,3,0.0007851123809814453
10368,3,0.004082322120666504
10369,3,0.012510180473327637
10370,3,0.015141606330871582
10371,3,0.582233726978302
10372,3,0.0005934238433837891
10373,3,0.0028208494186401367
10374,3,0.004732489585876465
10375,3,0.002600431442260742
10376,3,0.0015718936920166016
10377,3,0.4062696695327759
10378,3,0.0010095834732055664
10379,3,0.0050193071365356445
10380,3,0.0005003213882446289
10381,3,0.015121698379516602
10382,3,0.0010552406311035156
10383,4,1.5501137971878052
10384,4,1.9533593654632568
10385,4,0.3864404559135437
10386,4,1.2241742610931396
10387,4,0.004345297813415527
10388,4,0.0003846883773803711
10389,4,0.00046515464782714844
10390,4,0.0032363533973693848
10391,4,0.004706740379333496
10392,4,0.005724489688873291
10393,4,0.006195008754730225
10394,4,0.0011954903602600098
10395,4,0.8432711362838745
10396,4,1.1439433097839355
10397,4,0.000516355037689209
10398,4,0.002909421920776367
10399,4,0.006940722465515137
10400,4,0.00035649538040161133
10401,4,0.0014554858207702637
10402,4,0.000469207763671875
10403,4,0.0006021857261657715
10404,4,0.00044471025466918945
10405,4,0.0026106834411621094
10406,4,0.7108398079872131
10407,4,0.003317892551422119
10408,4,0.0024483799934387207
10409,4,0.002007126808166504
10410,4,0.005406081676483154
10411,4,0.001495361328125
10412,4,0.0024764537811279297
10413,4,0.0015547871589660645
10414,4,0.13668543100357056
10415,4,0.0015654563903808594
10416,4,0.0044831037521362305
10417,4,0.0007154941558837891
10418,5,0.0007650256156921387
10419,5,0.004291236400604248
10420,5,0.0004127919673919678
10421,5,0.0008690059185028076
10422,5,0.0015517175197601318
10423,5,1.6565948724746704
10424,5,0.0018322467803955078
10425,5,2.8151514530181885
10426,5,0.0012659430503845215
10427,5,1.6063638925552368
10428,5,0.0025860965251922607
10429,5,0.33292537927627563
10430,5,0.0837852954864502
10431,5,0.0015585124492645264
10432,5,0.002449214458465576
10433,5,1.327675700187683
10434,5,1.6330952644348145
10435,5,0.0006563067436218262
10436,5,0.00037282705307006836
10437,5,1.1465753316879272
10438,5,1.6402099132537842
10439,5,1.0877172946929932
10440,5,0.15711140632629395
10441,5,0.000813901424407959
10442,5,0.7845532894134521
10443,5,0.02192145586013794
10444,5,0.007116913795471191
10445,5,2.022446870803833
10446,5,0.854668140411377
10447,5,0.006712198257446289
10448,5,0.0028328895568847656
10449,5,0.014727592468261719
10450,5,0.025130629539489746
10451,5,0.0060882568359375
10452,5,0.003855586051940918
10453,5,0.015913009643554688
10454,5,0.008520781993865967
10455,5,0.0026001930236816406
10456,5,0.013150811195373535
10457,5,0.8741828203201294
10458,5,1.6434558629989624
10459,5,1.0146452188491821
10460,5,0.02308368682861328
10461,5,0.01541900634765625
10462,5,0.00393831729888916
10463,5,0.19769549369812012
10464,5,0.009734034538269043
10465,5,0.6661221981048584
10466,5,0.4383183717727661
10467,5,0.0039479732513427734
10468,5,0.005292177200317383
10469,5,0.8780574202537537
10470,5,0.01050788164138794
10471,5,0.006399869918823242
10472,5,0.033173322677612305
10473,5,0.006766915321350098
10474,5,0.6673715114593506
10475,5,1.1415691375732422
10476,5,0.4375547170639038
10477,5,0.017053306102752686
10478,5,0.8310526609420776
10479,5,1.154079794883728
10480,5,0.10698819160461426
10481,5,0.9289886951446533
10482,5,0.962592601776123
10483,5,1.156702995300293
10484,5,0.5316625237464905
10485,5,0.007389068603515625
10486,5,0.006906270980834961
10487,5,1.0161941051483154
10488,5,1.172528624534607
10489,5,0.0278397798538208
10490,5,0.008856415748596191
10491,5,0.008970499038696289
10492,5,0.003811478614807129
10493,5,0.6689330339431763
10494,5,0.019185662269592285
10495,5,0.002468705177307129
10496,5,0.004879295825958252
10497,5,0.0243760347366333
10498,5,0.0027599334716796875
10499,5,0.022241592407226562
10500,5,0.8700802326202393
10501,5,0.004095554351806641
10502,5,0.2813788056373596
10503,5,0.010042250156402588
10504,5,0.008639335632324219
10505,5,1.160160779953003
10506,5,0.040371060371398926
10507,5,0.01349639892578125
10508,5,0.00565105676651001
10509,5,1.1092604398727417
10510,5,0.8416624069213867
10511,5,0.8877125978469849
10512,5,0.11430466175079346
10513,5,0.5113936066627502
10514,5,1.9091644287109375
10515,5,0.3913014531135559
10516,5,0.021884799003601074
10517,5,0.9042582511901855
10518,5,0.29457128047943115
10519,5,0.014380931854248047
10520,5,0.02778869867324829
10521,5,0.8052277565002441
10522,5,0.5905181765556335
10523,5,0.03226280212402344
10524,5,0.00380629301071167
10525,5,0.021453380584716797
10526,5,0.000843048095703125
10527,5,0.004485368728637695
10528,5,1.7232873439788818
10529,5,0.6279072761535645
10530,5,1.1096115112304688
10531,5,1.88688325881958
10532,5,0.004146575927734375
10533,5,0.0013698339462280273
10534,5,0.0005395412445068359
10535,5,0.004372656345367432
10536,5,0.0008797645568847656
10537,5,0.00153350830078125
10538,5,0.8970340490341187
10539,5,0.7842885255813599
10540,5,0.03693699836730957
10541,5,0.08682370185852051
10542,5,0.030636489391326904
10543,5,0.011608481407165527
10544,5,0.006535887718200684
10545,5,0.005893588066101074
10546,5,0.0032597780227661133
10547,5,1.1427106857299805
10548,5,0.0005338788032531738
10549,5,1.877716302871704
10550,5,0.0033621788024902344
10551,5,0.003666996955871582
10552,5,0.06635797023773193
10553,5,0.0005262494087219238
10554,5,0.002642989158630371
10555,5,0.0008421540260314941
10556,5,0.12427854537963867
10557,5,0.005761265754699707
10558,5,0.6701703071594238
10559,5,0.017778337001800537
10560,5,0.001993238925933838
10561,5,1.2470331192016602
10562,5,0.017214655876159668
10563,5,0.8670778274536133
10564,5,0.6858344078063965
10565,5,0.39599084854125977
10566,5,0.001255333423614502
10567,5,0.013027429580688477
10568,5,0.006797313690185547
10569,5,0.011984825134277344
10570,5,0.009411334991455078
10571,5,0.004993736743927002
10572,5,0.012431502342224121
10573,5,0.007679402828216553
10574,5,0.17309486865997314
10575,5,0.029271721839904785
10576,5,0.004724442958831787
10577,5,0.07211160659790039
10578,5,0.000726163387298584
10579,5,0.016014575958251953
10580,5,0.017770707607269287
10581,5,0.45664486289024353
10582,5,0.0012069344520568848
10583,5,0.0061653852462768555
10584,5,2.0841245651245117
